start,end,duration,peak_accel,peak_gyro,peak_accel_score,peak_gyro_score,speed,speed_band,latitude,longitude
20.8432138671875,22.3432138671875,1.5,8.385438147591959,2.3196892838568672,3.7528477430323957,4.362568191364981,2.289599895477295,VERY_SLOW,18.6792603,73.8493544
93.3432138671875,97.3432138671875,4.0,14.997900978390508,4.235155945407268,2.769593840160018,8.807605221997916,4.400000095367432,SLOW,18.6791909,73.8467356
101.8432138671875,103.3432138671875,1.5,6.506692863690138,1.6877007096149974,0.8179661382169535,3.966331203916407,9.350000381469728,MODERATE,18.6792076,73.8463449
106.8432138671875,110.8432138671875,4.0,9.764170327594714,3.1730055305212725,2.8520231842286052,8.695819795411074,10.029999732971191,MOVING,18.6792346,73.8457342
115.3432138671875,116.3432138671875,1.0,4.526298365041696,0.7888098886157762,-0.0005375307143593986,3.2391641703019425,10.390000343322754,MOVING,18.6792331,73.8451891
118.3432138671875,119.3432138671875,1.0,6.643179964446303,1.0376717975206122,1.5515713973454688,3.5105833140552485,10.170000076293944,MOVING,18.6792323,73.8448913
120.8432138671875,126.8432138671875,6.0,3.6680325269847462,1.2700045035474046,-0.8867284133371638,5.7061440212370425,10.289999961853027,MOVING,18.6792446,73.8442125
154.8432138671875,156.3432138671875,1.5,5.14745045819983,1.702347651034213,0.5459164468853968,3.1674830524449886,8.270000457763672,MODERATE,18.6792994,73.842341
162.3432138671875,168.8432138671875,6.5,7.838698475960964,2.0259908579275216,2.928971599170227,13.517362025359958,10.270000457763672,MOVING,18.6793249,73.8412523
188.3432138671875,190.8432138671875,2.5,24.16809425719482,3.466745444682904,4.794726051886623,8.47751120460087,3.9700000286102295,SLOW,18.6794181,73.839543
200.8432138671875,202.3432138671875,1.5,8.730595064094965,1.8824427125589285,1.5872965928641125,3.5850331773738087,7.449999809265137,MODERATE,18.6794541,73.8390888
225.3432138671875,228.3432138671875,3.0,6.540107089623958,1.7802091287284916,2.717259392517609,3.955994477748533,4.440000057220459,SLOW,18.6794397,73.8378426
236.8432138671875,238.8432138671875,2.0,6.053780382355243,2.107454334151541,0.42802709135780526,4.331632596962829,4.300000190734863,SLOW,18.678948,73.837755
242.3432138671875,247.8432138671875,5.5,21.08476213351671,3.766502462228971,3.7419089561978023,10.120792519816664,3.109999895095825,SLOW,18.6785607,73.8376862
250.8432138671875,252.3432138671875,1.5,8.46908630702195,1.8217668357504613,0.8411973323063405,3.3654380756252222,6.880000114440918,MODERATE,18.6783399,73.8376869
269.8432138671875,273.3432138671875,3.5,11.216442300581605,2.2037122144829357,2.3710497397633525,3.6519461456149602,7.420000076293945,MODERATE,18.6778988,73.8385148
275.8432138671875,281.3432138671875,5.5,20.92871562165781,2.9389281046878093,3.6477039208852293,6.281341782207893,6.110000133514404,MODERATE,18.6777886,73.8391193
287.8432138671875,289.8432138671875,2.0,5.264491054692774,2.624161821281969,1.73980837751387,7.28319613812818,1.2799999713897705,VERY_SLOW,18.6777559,73.8394001
291.3432138671875,293.3432138671875,2.0,2.8922947201926146,1.5125528474663064,0.21436157507730508,4.5813923257740905,2.0,VERY_SLOW,18.6777571,73.8394238
322.8432138671875,324.3432138671875,1.5,11.640481803185226,1.6673186031658676,4.017792324452882,2.8785743829221846,5.059999942779541,SLOW,18.6777499,73.8392229
333.3432138671875,334.8432138671875,1.5,15.003937851018108,1.4597499096025872,3.5035912785194845,1.5014414203526352,8.680000305175781,MODERATE,18.6778586,73.8385008
337.3432138671875,338.3432138671875,1.0,11.192651728879117,1.540148591830952,3.243205920796267,1.5621161980348985,8.170000076293945,MODERATE,18.6779182,73.8381655
371.8432138671875,375.3432138671875,3.5,31.295911412679462,3.7551721483454794,10.348953584199045,7.55395646877959,4.5,SLOW,18.6786323,73.8376523
393.3432138671875,395.3432138671875,2.0,28.379878519850667,3.068345167926005,13.160873596915723,7.7494084101711,2.25,VERY_SLOW,18.6794999,73.8378104
405.8432138671875,407.3432138671875,1.5,16.483142203267846,1.1766548429196713,3.980595163547246,1.8632456328909832,4.130000114440918,SLOW,18.6796572,73.8373041
425.8432138671875,427.3432138671875,1.5,14.657136355855828,1.9752191440208613,4.422960612123542,3.2994625817000927,9.720000267028809,MODERATE,18.6797774,73.8360457
439.3432138671875,442.3432138671875,3.0,18.04635420096144,1.7298985929003503,4.396829013340819,2.5877768469948923,6.480000019073486,MODERATE,18.6798911,73.8347501
504.3432138671875,507.3432138671875,3.0,33.844500184799415,2.408079498102497,15.06567770071639,15.256316851553034,11.710000038146973,MOVING,18.680768,73.8306584
519.3432138671875,521.3432138671875,2.0,19.99680867893139,2.131961006450529,10.293764072128157,5.255092140913382,1.820000052452088,VERY_SLOW,18.6809468,73.8296343
553.8432138671875,555.8432138671875,2.0,13.092691312314,1.0934034437456326,3.9545054736366994,1.282762478628697,4.610000133514404,SLOW,18.681459,73.8274059
569.8432138671875,571.3432138671875,1.5,17.90748012861142,1.330631121803336,4.161562308468128,1.60095632001094,4.019999980926514,SLOW,18.6816985,73.8261076
639.3432138671875,640.8432138671875,1.5,14.136716674669692,1.6052688707117786,3.79792189179752,2.425527648410475,9.979999542236328,MODERATE,18.6826023,73.8209663
653.8432138671875,655.8432138671875,2.0,18.11856107204265,2.223744254884126,5.763236225973718,3.8304493312581505,5.309999942779541,SLOW,18.6825389,73.8198184
740.8432138671875,742.8432138671875,2.0,10.099072461221605,0.9175939669939616,3.0230820880656935,3.7393352387557774,10.449999809265137,MOVING,18.6830673,73.819082
763.8432138671875,765.3432138671875,1.5,18.29126668210971,1.6308779296548186,4.365619076165105,2.690955770870551,5.710000038146973,SLOW,18.6842134,73.8193443
776.8432138671875,779.3432138671875,2.5,13.60614538509276,2.063345261929682,4.075707175023147,3.0927905849376995,3.680000066757202,SLOW,18.6848972,73.8193369
785.8432138671875,787.8432138671875,2.0,24.79919063958553,1.673201154210057,6.692369365873407,3.710710030959899,5.829999923706055,SLOW,18.6852726,73.8192598
792.3432138671875,793.8432138671875,1.5,15.89605528770336,1.813375656269177,4.385660674162106,2.7480198870108414,7.300000190734863,MODERATE,18.6856523,73.8191685
798.3432138671875,799.3432138671875,1.0,13.129463902722852,1.8812639495354624,3.236076008671344,2.2278829223899117,7.070000171661377,MODERATE,18.6860542,73.8190837
807.3432138671875,810.8432138671875,3.5,31.79282423728871,3.3162702114480367,9.2087983799794,6.1046994451133925,3.140000104904175,SLOW,18.6866349,73.8189492
827.3432138671875,828.8432138671875,1.5,7.16722134041723,2.018604600412945,3.411523472829322,5.3475925634617,1.399999976158142,VERY_SLOW,18.6875348,73.8187353
834.3432138671875,835.3432138671875,1.0,6.671971037758173,1.927214124664186,2.643497025368789,3.747862917862099,1.5099999904632568,VERY_SLOW,18.6875488,73.818726
848.8432138671875,852.3432138671875,3.5,34.5233453242889,3.653624678332549,16.427069558688085,10.825324830224051,1.7699999809265137,VERY_SLOW,18.6879029,73.8187173
859.3432138671875,860.8432138671875,1.5,8.832004268711124,1.872543958189525,3.3533126492296987,5.06128803759666,2.75,VERY_SLOW,18.6882003,73.8187249
995.8432138671875,996.8432138671875,1.0,4.359749048135773,1.1506044279338326,-0.31137510843533267,3.065604556927853,1.4800000190734863,VERY_SLOW,18.6888813,73.8188529
1017.3432138671875,1022.3432138671875,5.0,16.777151920947755,2.1766889271633114,9.037064476363703,7.387575155101003,1.0800000429153442,VERY_SLOW,18.6892348,73.8189644
1029.3432138671874,1031.8432138671874,2.5,8.887731152901956,1.1571406178248451,3.578605340071128,2.1078157247889693,1.309999942779541,VERY_SLOW,18.6893495,73.8190031
1068.8432138671874,1070.3432138671874,1.5,15.023137508514251,2.134442413902006,3.1890331031055714,2.4671652210719235,5.420000076293945,SLOW,18.6904532,73.8192647
1108.8432138671874,1112.3432138671874,3.5,14.89221327736668,1.7709016107917537,6.378655536239026,3.868434169277139,2.0899999141693115,VERY_SLOW,18.6921166,73.819617
1158.3432138671874,1170.8432138671874,12.5,25.62903713605397,3.758925738929674,11.614306595726164,8.150454122368384,1.2799999713897705,VERY_SLOW,18.693193,73.8199131
