start,end,duration,peak_time,peak_accel,event_median_accel,peak_prominence,peak_width,before_accel,after_accel,rise_rate,fall_rate,shape_balance,peak_gyro_near,before_speed,after_speed,speed_change,speed,speed_band,latitude,longitude,impact_score,classification
848.8432138671875,852.3432138671875,3.5,851.0187888183593,34.5233453242889,3.678198600011754,9.385938356938794,0.0,9.89538675725036,9.017592934391836,168.6914177625352,174.70394551934373,0.9655844764184629,3.653624678332549,1.7200000286102295,1.7200000286102295,0.0,1.7699999809265137,VERY_SLOW,18.6879029,73.8187173,100,STRONG_IMPACT
504.3432138671875,507.3432138671875,3.0,505.6258713378906,33.844500184799415,4.176709491611284,8.103149202206769,0.0,7.0843540474532265,9.31594615774025,183.30001317538483,168.01475189648218,0.9166106918700686,2.408079498102497,11.880000114440918,11.520000457763672,-0.3599996566772461,11.710000038146973,MOVING,18.680768,73.8306584,100,STRONG_IMPACT
807.3432138671875,810.8432138671875,3.5,808.699556640625,31.79282423728871,4.612140258231417,6.893290849198951,0.0097329101562309,8.659096735917913,5.964263132168254,158.4599924839667,176.91830724813613,0.895667582110195,3.3162702114480367,4.78000020980835,4.190000057220459,-0.5900001525878906,3.140000104904175,SLOW,18.6866349,73.8189492,100,STRONG_IMPACT
371.8432138671875,375.3432138671875,3.5,374.49488159179685,31.295911412679462,5.193713889816968,6.025728809212931,0.019464843750029104,9.447418225273385,10.131462035967042,149.6572238611778,144.97070913238406,0.9686850082616729,3.7551721483454794,4.28000020980835,4.5,0.2199997901916504,4.5,SLOW,18.6786323,73.8376523,100,STRONG_IMPACT
393.3432138671875,395.3432138671875,2.0,394.2332612304688,28.379878519850667,3.5151934988968305,8.073489703698273,0.009733642578225954,8.1027779487114,3.9873229005361375,138.89052129606645,167.08123932533744,0.8312753835014441,3.068345167926005,2.6700000762939453,2.25,-0.4200000762939453,2.25,VERY_SLOW,18.6794999,73.8378104,100,STRONG_IMPACT
188.3432138671875,190.8432138671875,2.5,189.9823879394532,24.16809425719482,2.8291590034257923,8.54250122666488,0.0,6.91123594544636,7.16771443250045,118.21011291003906,116.45264160234967,0.9851326484306223,3.466745444682904,3.9700000286102295,3.9700000286102295,0.0,3.9700000286102295,SLOW,18.6794181,73.839543,95,STRONG_IMPACT
242.3432138671875,247.8432138671875,5.5,247.32681323242187,21.08476213351671,1.9631671441525187,10.740176757908612,0.0,4.792644441268022,4.801802695119389,111.59843147223731,111.53625845515802,0.9994428862820105,3.707891414994863,3.109999895095825,3.2699999809265137,0.16000008583068848,3.109999895095825,SLOW,18.6785607,73.8376862,95,STRONG_IMPACT
275.8432138671875,281.3432138671875,5.5,280.58367895507814,20.92871562165781,2.0908622386889064,10.009610023270277,0.0,4.183753681986037,2.097941287347573,114.69746583088845,128.9837299237228,0.8892397971334616,2.1123098478736484,6.820000171661377,6.110000133514404,-0.7100000381469727,6.110000133514404,MODERATE,18.6777886,73.8391193,95,STRONG_IMPACT
785.8432138671875,787.8432138671875,2.0,786.4308068847656,24.79919063958553,3.717913459903089,6.67019039228308,0.009733886718777285,3.8305630938612105,4.642527548224008,143.6286623989072,138.06603157290968,0.9612707468475328,1.673201154210057,6.190000057220459,5.829999923706055,-0.3600001335144043,5.829999923706055,SLOW,18.6852726,73.8192598,90,STRONG_IMPACT
1158.3432138671874,1170.8432138671874,12.5,1161.6610043945311,25.62903713605397,2.6584933917721942,9.640436653095927,3.1245026855467586,10.755600701782903,6.258184434559584,101.87472618922196,132.67907008662496,0.7678281595032952,2.914463257904002,2.490000009536743,2.630000114440918,0.1400001049041748,1.2799999713897705,VERY_SLOW,18.693193,73.8199131,85,STRONG_IMPACT
519.3432138671875,521.3432138671875,2.0,520.1569719238281,19.99680867893139,2.4872117592733134,8.039849684843016,0.01946435546869907,2.02446561029102,4.378683941854409,123.1054451715574,106.98025499776675,0.8690131849869118,2.131961006450529,2.299999952316284,1.820000052452088,-0.4799998998641961,1.820000052452088,VERY_SLOW,18.6809468,73.8296343,85,STRONG_IMPACT
1017.3432138671876,1022.3432138671876,5.0,1021.1039653320312,16.777151920947755,2.6136696467214855,6.41900247110133,0.009733886718777285,6.598405516768766,6.326077300649838,69.71930647410893,71.58425901660203,0.9739474492281806,2.1766889271633114,1.2999999523162842,1.0800000429153442,-0.21999990940093994,1.0800000429153442,VERY_SLOW,18.6892348,73.8189644,85,STRONG_IMPACT
1068.8432138671874,1070.3432138671874,1.5,1069.5458359375,15.023137508514251,3.173295219915164,4.73423884869933,0.01946508789069412,3.099666130966161,3.444479054458862,81.66952411946158,79.30826696370725,0.9710876586926058,2.134442413902006,6.489999771118164,5.420000076293945,-1.0699996948242188,5.420000076293945,SLOW,18.6904532,73.8192647,85,STRONG_IMPACT
763.8432138671875,765.3432138671875,1.5,764.8040532226562,18.29126668210971,3.9574562627502243,4.621975700471353,0.009732910156344587,5.73641103432172,6.178542992307077,85.9961884408192,82.96705184410334,0.9647759202862759,1.6308779296548186,5.710000038146973,5.710000038146973,0.0,5.710000038146973,SLOW,18.6842134,73.8193443,80,STRONG_IMPACT
569.8432138671875,571.3432138671875,1.5,570.6808171386718,17.90748012861142,3.1656154703147563,5.65687156148213,0.009731933593684516,4.724072870966787,4.4480888910057175,90.3018400553013,92.19161944047954,0.9795016141743955,1.330631121803336,6.110000133514404,4.019999980926514,-2.0900001525878906,4.019999980926514,SLOW,18.6816985,73.8261076,80,STRONG_IMPACT
405.8432138671875,407.3432138671875,1.5,406.457873046875,16.483142203267846,3.276800225968285,5.030255452450454,0.00973364257816911,4.805461978648974,4.686011402868319,79.98852509194563,80.8074005372513,0.9898663310555551,1.1766548429196713,5.170000076293945,4.130000114440918,-1.0399999618530273,4.130000114440918,SLOW,18.6796572,73.8373041,80,STRONG_IMPACT
792.3432138671875,793.8432138671875,1.5,793.0978266601562,15.89605528770336,3.329715100706716,4.773998617578273,0.019464843750029104,5.144097438817451,5.0146491407455605,73.64699517221811,74.53404279022745,0.9880987588382145,1.5508721099569018,7.300000190734863,6.829999923706055,-0.4700002670288086,7.300000190734863,MODERATE,18.6856523,73.8191685,80,STRONG_IMPACT
333.3432138671875,334.8432138671875,1.5,334.0262448730469,15.003937851018108,3.8247717740797604,3.9228321942498265,0.009732666015622726,3.4582246224045083,7.711676901970431,79.08604647775482,49.95033387175752,0.6315947767828736,1.4597499096025872,8.680000305175781,8.680000305175781,0.0,8.680000305175781,MODERATE,18.6778586,73.8385008,80,STRONG_IMPACT
93.3432138671875,97.3432138671875,4.0,94.399369140625,14.997900978390508,2.529255624293461,5.929768756600125,0.0,5.085684368027488,4.673309950067951,67.89689021567285,70.72205344100296,0.9600525849028566,3.1916989747172977,5.570000171661377,4.53000020980835,-1.0399999618530273,4.400000095367432,SLOW,18.6791909,73.8467356,75,STRONG_IMPACT
653.8432138671875,655.8432138671875,2.0,655.240009765625,18.11856107204265,4.798777175714716,3.775662092362962,0.7007609863280777,4.812611611177116,3.3952238689241927,91.14166956536313,100.85084648980748,0.9037273631072039,2.223744254884126,5.309999942779541,6.289999961853027,0.9800000190734863,5.309999942779541,SLOW,18.6825389,73.8198184,70,STRONG_IMPACT
1108.8432138671874,1112.3432138671874,3.5,1110.5811091308594,14.89221327736668,2.8744831169239577,5.180831708381414,0.009732177734349534,7.071610566840679,4.5765716762142326,53.567026033854305,70.65626097115538,0.7581355890842064,1.4754840366947406,2.2699999809265137,2.150000095367432,-0.11999988555908159,2.0899999141693115,VERY_SLOW,18.6921166,73.819617,70,STRONG_IMPACT
639.3432138671875,640.8432138671875,1.5,640.1444050292969,14.136716674669692,3.256578948318409,4.340971583682758,0.0097329101562309,4.341904252008248,4.985696527138436,67.09089761538404,62.68146947548215,0.9342768051013407,1.6052688707117786,9.979999542236328,11.369999885559082,1.390000343322754,9.979999542236328,MODERATE,18.6826023,73.8209663,70,STRONG_IMPACT
859.3432138671875,860.8432138671875,1.5,860.3141486816406,8.832004268711124,2.755980359942766,3.2046687984723303,0.019467041015559516,4.3272585015796965,3.2227522097192294,30.855609785001874,38.4206910953306,0.8030987706192476,1.844251530853244,2.75,2.8399999141693115,0.08999991416931152,2.75,VERY_SLOW,18.6882003,73.8187249,70,STRONG_IMPACT
250.8432138671875,252.3432138671875,1.5,251.511931640625,8.46908630702195,2.0964793258614405,4.039670795962662,0.009731689453104764,2.181841149792214,1.7020315300617914,43.066563702942375,46.3527906913115,0.9291040099342907,1.5670592112985264,6.610000133514404,6.880000114440918,0.26999998092651367,6.880000114440918,MODERATE,18.6783399,73.8376869,70,STRONG_IMPACT
20.8432138671875,22.3432138671875,1.5,21.75472436523437,8.385438147591959,2.6125456156841222,3.209681047194326,0.14598608398437563,6.572358758711026,5.157551583849325,12.419473439543797,22.11066074841964,0.5616961691401049,2.3196892838568672,2.111694574356079,2.294409990310669,0.18271541595458984,2.289599895477295,VERY_SLOW,18.6792603,73.8493544,70,STRONG_IMPACT
101.8432138671875,103.3432138671875,1.5,102.65284594726562,6.506692863690138,1.3790575048323834,4.718217217838925,0.00973193359374136,2.013751350016326,2.4862670426116256,30.77583639369011,27.539143344492206,0.894830054079001,1.6871279277040576,8.210000038146973,9.350000381469728,1.1400003433227557,9.350000381469728,MODERATE,18.6792076,73.8463449,70,STRONG_IMPACT
439.3432138671875,442.3432138671875,3.0,441.7491328125,18.04635420096144,3.011239351985617,5.992998925529331,1.4696440429687527,3.241848171035439,4.308577769475518,101.40632208373775,94.10002385258385,0.9279502689672482,1.7298985929003503,6.480000019073486,6.480000019073486,0.0,6.480000019073486,MODERATE,18.6798911,73.8347501,65,MODERATE_IMPACT
425.8432138671875,427.3432138671875,1.5,426.41032397460935,14.657136355855828,2.5879958431708525,5.663508461396011,0.1459902343751196,2.150139217927024,6.488281381588719,85.66909139048391,55.954429871544356,0.6531460642730682,1.4631665537251946,9.970000267028809,9.720000267028809,-0.25,9.720000267028809,MODERATE,18.6797774,73.8360457,65,MODERATE_IMPACT
337.3432138671875,338.3432138671875,1.0,337.7927673339844,11.192651728879117,3.1604616515680286,3.5414610151418873,0.1557214355468659,6.840583805064716,4.387963509122084,29.810728234359313,46.61096097992933,0.6395647634726048,1.540148591830952,8.170000076293945,8.170000076293945,0.0,8.170000076293945,MODERATE,18.6779182,73.8381655,65,MODERATE_IMPACT
1029.3432138671874,1031.8432138671874,2.5,1030.2336381835937,8.887731152901956,2.276040291217299,3.9049094109614884,0.01946557617156941,4.863991217888467,0.8416581508321092,27.56023125749229,55.11128709463163,0.5000832444752851,0.9760954790403954,1.2699999809265137,1.309999942779541,0.039999961853027344,1.309999942779541,VERY_SLOW,18.6893495,73.8190031,65,MODERATE_IMPACT
200.8432138671875,202.3432138671875,1.5,201.8170988769532,8.730595064094965,1.96301342278373,4.447547308012899,0.16545141601568503,4.458107057505864,3.1190040153309857,29.266161298976325,38.4390904017843,0.7613645638612152,1.8824427125589285,7.449999809265137,7.449999809265137,0.0,7.449999809265137,MODERATE,18.6794541,73.8390888,65,MODERATE_IMPACT
106.8432138671875,110.8432138671875,4.0,107.63592358398438,9.764170327594714,1.2525654395544412,7.795337488369466,0.3503720703125026,4.144301091257018,6.500421201997412,38.495280511259985,22.356128338075614,0.580749848842805,3.1730055305212725,8.289999961853027,8.789999961853027,0.5,10.029999732971191,MOVING,18.6792346,73.8457342,60,MODERATE_IMPACT
162.3432138671875,168.8432138671875,6.5,168.22072265625,7.838698475960964,1.6882796904825157,4.643009401908187,0.5255485839843743,3.494943702285679,5.050733583960566,29.75463084861217,19.097597975821266,0.6418361589826959,2.0259908579275216,10.270000457763672,9.670000076293944,-0.6000003814697283,10.270000457763672,MOVING,18.6793249,73.8412523,60,MODERATE_IMPACT
776.8432138671875,779.3432138671875,2.5,777.7878588867187,13.60614538509276,3.895875969587329,3.492448294377809,1.5669946289062864,5.960481609295801,5.706882205660917,52.37001215019332,54.106623293147784,0.9679039082970384,1.2495992691105442,3.049999952316284,3.049999952316284,0.0,3.680000066757202,SLOW,18.6848972,73.8193369,55,MODERATE_IMPACT
798.3432138671875,799.3432138671875,1.0,799.2490021972657,13.129463902722852,3.7750285050573176,3.477977420603213,0.45744384765623636,5.223538270073669,4.804136624413096,54.15289219367885,95.04264457392117,0.5697746778453796,1.8812639495354624,,,,7.070000171661377,MODERATE,18.6860542,73.8190837,55,MODERATE_IMPACT
553.8432138671875,555.8432138671875,2.0,555.1079050292968,13.092691312314,3.575091205926463,3.6621978456410065,0.6521062011719323,6.616372974770454,2.9960434487689045,44.36019925146338,69.15847610243543,0.641428234852347,1.0934034437456326,4.610000133514404,5.349999904632568,0.7399997711181641,4.610000133514404,SLOW,18.681459,73.8274059,55,MODERATE_IMPACT
269.8432138671875,273.3432138671875,3.5,272.7194914550781,11.216442300581605,2.860826973353916,3.9206992960612044,0.6131499023437073,5.005331170198368,4.667879566751273,42.54534312104504,44.85661982669748,0.9484741223350756,1.6481291256595547,7.179999828338623,7.420000076293945,0.24000024795532227,7.420000076293945,MODERATE,18.6778988,73.8385148,55,MODERATE_IMPACT
118.3432138671875,119.3432138671875,1.0,118.86724487304689,6.643179964446303,1.5155987271581162,4.383205030069445,0.4476948242187717,1.898194806057008,1.491868116543464,32.50272459338919,35.28626217307403,0.9211155444565936,1.0376717975206122,10.170000076293944,10.170000076293944,0.0,10.170000076293944,MOVING,18.6792323,73.8448913,55,MODERATE_IMPACT
225.3432138671875,228.3432138671875,3.0,226.09962231445311,6.540107089623958,2.0017958888270444,3.2671198527918572,1.985421874999986,4.0484960831528,3.461613562397378,17.067227259197953,21.087476273615653,0.8093537148659283,1.6950504618780553,2.9200000762939453,3.940000057220459,1.0199999809265137,4.440000057220459,SLOW,18.6794397,73.8378426,55,MODERATE_IMPACT
322.8432138671875,324.3432138671875,1.5,323.56361865234373,11.640481803185226,3.0945265571965983,3.7616357746596956,0.6878132324218882,5.743954592058068,4.520198497106739,40.17421473017895,48.772081330105294,0.8237133547421692,0.9766223127790116,6.389999866485596,5.059999942779541,-1.3299999237060547,5.059999942779541,SLOW,18.6777499,73.8392229,50,MODERATE_IMPACT
236.8432138671875,238.8432138671875,2.0,238.12176879882813,6.053780382355243,2.446814541308293,2.474147623431375,1.8785334472655961,2.6971409258705927,3.2043450878638127,22.61002626899866,19.1219095655289,0.8457269946540297,2.107454334151541,4.300000190734863,3.670000076293945,-0.6300001144409184,4.300000190734863,SLOW,18.678948,73.837755,50,MODERATE_IMPACT
287.8432138671875,289.8432138671875,2.0,289.53798754882814,5.264491054692774,2.270260096438576,2.318893356294874,0.48663598632811045,4.407452497068593,4.3218287847310055,5.870490321613891,6.457001190282311,0.9091666779384973,2.4475636284226017,1.2799999713897705,0.7300000190734863,-0.5499999523162842,1.2799999713897705,VERY_SLOW,18.6777559,73.8394001,50,MODERATE_IMPACT
115.3432138671875,116.3432138671875,1.0,116.21027563476562,4.526298365041696,1.3745824626433123,3.2928532758505127,0.7883322753906157,1.5907302474391918,1.5638413489354075,20.10848033517178,23.41433959615414,0.8588104846004132,0.7888098886157762,,,,10.390000343322754,MOVING,18.6792331,73.8451891,50,MODERATE_IMPACT
120.8432138671875,126.8432138671875,6.0,121.86484741210936,3.6680325269847462,0.8666439204651482,4.2324563068717165,4.64239160156248,1.403043018872856,1.0955143245006491,15.515001806512073,17.62163783091422,0.8804517466187844,0.7190375532893714,10.579999923706056,10.579999923706056,0.0,10.289999961853027,MOVING,18.6792446,73.8442125,50,MODERATE_IMPACT
834.3432138671875,835.3432138671875,1.0,834.4922666015625,6.671971037758173,2.8829877166343225,2.3142557976442615,0.16545996093748272,5.409632447368923,3.632522573224591,8.64654511409717,20.819010504725288,0.41531969601219354,1.927214124664186,,,,1.5099999904632568,VERY_SLOW,18.6875488,73.818726,45,MODERATE_IMPACT
154.8432138671875,156.3432138671875,1.5,155.89947583007813,5.14745045819983,2.1048885791037586,2.4454740784386626,0.32116992187499704,3.5965030218894407,2.6933240408130485,10.623904734802515,16.81057491118421,0.6319774779228011,1.574955787768272,8.270000457763672,8.270000457763672,0.0,8.270000457763672,MODERATE,18.6792994,73.842341,45,MODERATE_IMPACT
740.8432138671875,742.8432138671875,2.0,742.7003186035156,10.099072461221605,3.3714672261066543,2.995453250448452,1.6156679687500173,4.681078202485656,3.8135475250631434,37.111039083765775,46.12890419549227,0.8045072765329699,0.9143889922237776,,,,10.449999809265137,MOVING,18.6830673,73.819082,40,WEAK_IMPACT
827.3432138671875,828.8432138671875,1.5,827.8057470703125,7.16722134041723,2.70984085767964,2.6448864405101333,0.8175666503906314,2.385301118000482,2.751295974135171,32.75419275012282,30.247480384690633,0.9234689621400367,0.9195344927809768,1.399999976158142,1.399999976158142,0.0,1.399999976158142,VERY_SLOW,18.6875348,73.8187353,40,WEAK_IMPACT
291.3432138671875,293.3432138671875,2.0,291.60131640625,2.8922947201926146,1.4412663898272922,2.0067731687958115,1.712951416015585,1.153284269970917,1.6741570680550115,11.911787397039111,8.34396668621386,0.7004798195347159,0.9977925398746996,0.9800000190734864,1.3200000524520874,0.34000003337860096,2.0,VERY_SLOW,18.6777571,73.8394238,40,WEAK_IMPACT
995.8432138671876,996.8432138671876,1.0,995.9440041503906,4.359749048135773,2.7942937211908325,1.560232918634551,0.9343740234373854,3.3467286168808785,3.236741548118455,10.408118351660217,7.691999404809532,0.7390384260554231,0.9951841337205404,,,,1.4800000190734863,VERY_SLOW,18.6888813,73.8188529,30,WEAK_IMPACT
