event_id,source_file,start,end,duration,annotation_label,latitude,longitude,median_speed_kmh,mean_speed_kmh,min_speed_kmh,max_speed_kmh,speed_range_kmh,speed_change_kmh,motion_state,was_stopped,strong_deceleration,strong_acceleration,accel_std,accel_max,accel_range,gyro_std,gyro_max,high_motion,context
1,1.csv,8.09,9.59,1.5,Pothole,24.374822412,88.604294156,5.982,5.877,5.609,5.982,0.373,0.131,VERY_SLOW,False,False,False,0.826,5.0605,4.9375,0.0908,0.4651,True,MOVING_MOTION_EVENT
2,10.csv,2.59,3.59,1.0,Pothole,24.373774168,88.561941671,11.24,11.173,11.06,11.24,0.179,0.133,VERY_SLOW,False,False,False,0.7638,4.0968,3.9149,0.1456,1.0139,True,MOVING_MOTION_EVENT
3,100.csv,3.09,5.09,2.0,Bump,24.41134297,88.609437692,39.901,40.016,39.576,41.491,1.915,-0.692,MOVING,False,False,False,1.459,7.74,7.4835,0.187,0.8245,True,MOVING_MOTION_EVENT
4,100.csv,34.59,36.59,2.0,Bump,24.415141018,88.610452356,51.826,51.9,51.015,52.229,1.214,-0.489,FAST,False,False,False,2.9157,14.333,14.0764,0.4833,2.4296,True,MOVING_MOTION_EVENT
5,100.csv,54.09,56.09,2.0,UNKNOWN,24.417707809,88.610848908,55.213,55.131,54.629,55.234,0.605,0.145,FAST,False,False,False,0.9967,5.7429,5.4729,0.1352,0.6739,True,MOVING_MOTION_EVENT
6,100.csv,131.59,133.59,2.0,UNKNOWN,24.428455136,88.610749505,48.8,48.756,46.208,49.377,3.169,-1.001,MOVING,False,False,False,0.7797,4.1076,3.9771,0.0944,0.6643,True,MOVING_MOTION_EVENT
7,100.csv,170.09,174.59,4.5,Bump,24.433676572,88.610694108,55.909,55.685,54.563,56.664,2.101,-0.788,FAST,False,False,False,1.1603,7.9997,7.7835,0.1642,1.1438,True,MOVING_MOTION_EVENT
8,101.csv,3.59,5.09,1.5,Bump,24.385277203,88.618734913,29.992,30.288,29.992,31.516,1.524,-0.546,SLOW,False,False,False,0.8719,4.5277,4.2809,0.1136,0.5382,True,MOVING_MOTION_EVENT
9,101.csv,17.59,19.09,1.5,Bump,24.386427726,88.61858152299999,35.045,35.196,35.045,35.676,0.632,-0.169,MOVING,False,False,False,0.7269,4.2087,4.1527,0.0968,0.595,True,MOVING_MOTION_EVENT
10,101.csv,28.09,30.59,2.5,Bump,24.387482797,88.61840223799999,42.313,42.285,42.103,42.407,0.304,0.135,MOVING,False,False,False,0.8255,4.6599,4.5366,0.122,0.6733,True,MOVING_MOTION_EVENT
11,101.csv,41.59,42.59,1.0,Bump,24.38873276,88.618220282,29.865,31.091,29.865,34.246,4.381,-2.453,SLOW,False,False,False,0.7776,4.2855,4.0071,0.0822,0.4243,True,MOVING_MOTION_EVENT
12,101.csv,44.09,46.09,2.0,Bump,24.388925914,88.61817885399999,19.787,21.233,18.875,23.751,4.875,-3.292,SLOW,False,False,False,2.1266,9.4826,9.2715,0.3169,1.8222,True,MOVING_MOTION_EVENT
13,101.csv,69.09,73.59,4.5,Bump,24.389800176,88.618054076,8.599,8.153,6.11,9.13,3.02,1.635,VERY_SLOW,False,False,False,0.7688,3.862,3.7133,0.0923,0.5202,True,MOVING_MOTION_EVENT
14,101.csv,85.59,89.09,3.5,Pothole,24.39061970495049,88.61790346138613,28.113,28.356,27.989,30.169,2.18,-0.104,SLOW,False,False,False,0.7984,5.0498,4.7715,0.1099,0.6177,True,MOVING_MOTION_EVENT
15,101.csv,92.59,94.59,2.0,UNKNOWN,24.391074654,88.617823787,32.08,32.124,32.009,32.225,0.216,0.125,MOVING,False,False,False,1.5907,9.2747,9.127,0.2396,1.459,True,MOVING_MOTION_EVENT
16,101.csv,98.09,99.59,1.5,UNKNOWN,24.391507042,88.61775327199999,35.534,36.344,35.534,37.197,1.663,1.619,MOVING,False,False,False,0.787,4.584,4.4002,0.0978,0.6098,True,MOVING_MOTION_EVENT
17,101.csv,106.59,112.59,6.0,UNKNOWN,24.39252504,88.617604097,35.458,33.446,25.243,40.314,15.071,-9.513,MOVING,False,False,False,1.2952,10.249,9.9888,0.1386,1.0867,True,MOVING_MOTION_EVENT
18,101.csv,130.59,135.09,4.5,Bump,24.39453673,88.617310568,41.718,41.295,39.931,42.329,2.398,-1.416,MOVING,False,False,False,1.7226,10.7478,10.5725,0.1897,1.3398,True,MOVING_MOTION_EVENT
19,101.csv,136.59,139.09,2.5,Bump,24.394994312,88.617249442,27.791,26.274,22.01,35.367,13.358,-6.309,SLOW,False,False,False,2.9885,18.9955,18.8134,0.2839,1.3167,True,MOVING_MOTION_EVENT
20,101.csv,141.59,144.59,3.0,Pothole,24.395246318,88.61724576363638,10.863,12.466,8.717,18.526,9.809,-5.294,VERY_SLOW,False,False,False,1.3307,7.1371,6.8169,0.129,0.8705,True,MOVING_MOTION_EVENT
21,101.csv,147.09,148.09,1.0,Pothole,24.395351166,88.617224318,9.766,9.21,7.348,9.766,2.418,-1.112,VERY_SLOW,False,False,False,0.8477,4.0434,3.7281,0.0813,0.4398,True,MOVING_MOTION_EVENT
22,101.csv,162.59,164.59,2.0,Pothole,24.396330849,88.61706588,32.942,32.54,31.526,33.793,2.268,-1.264,MOVING,False,False,False,1.1511,6.113,5.9476,0.1354,0.8345,True,MOVING_MOTION_EVENT
23,101.csv,166.59,170.09,3.5,UNKNOWN,24.396693712,88.617028676,24.132,25.053,18.048,31.403,13.355,-7.275,SLOW,False,False,False,0.7535,4.7544,4.5996,0.1007,0.5703,True,MOVING_MOTION_EVENT
24,101.csv,172.59,174.09,1.5,Pothole,24.39689532277228,88.61705011881189,12.591,12.695,12.591,13.158,0.567,-0.2,VERY_SLOW,False,False,False,1.0399,5.2498,4.9579,0.0797,0.5337,True,MOVING_MOTION_EVENT
25,101.csv,177.59,182.09,4.5,Pothole,24.397110562,88.617039012,10.772,10.993,8.834,15.818,6.984,-3.754,VERY_SLOW,False,False,False,1.032,6.3099,6.1306,0.1064,0.6141,True,MOVING_MOTION_EVENT
26,101.csv,187.59,189.09,1.5,Pothole,24.397446876,88.617005148,18.58,19.045,17.229,22.317,5.088,-1.76,SLOW,False,False,False,0.8169,4.2142,3.9746,0.1026,0.644,True,MOVING_MOTION_EVENT
27,101.csv,195.59,198.59,3.0,Pothole,24.397781024,88.61698876,12.414,13.214,11.531,17.36,5.829,-2.507,VERY_SLOW,False,False,False,1.1004,6.4754,6.1555,0.1271,0.9904,True,MOVING_MOTION_EVENT
28,101.csv,210.59,212.59,2.0,Pothole,24.398697734,88.61693717499999,33.894,33.745,33.023,34.358,1.335,-0.724,MOVING,False,False,False,0.9509,6.6256,6.4013,0.1097,0.7607,True,MOVING_MOTION_EVENT
29,101.csv,214.59,217.59,3.0,UNKNOWN,24.39909067777777,88.61690307777778,36.963,36.828,34.987,37.564,2.577,0.266,MOVING,False,False,False,0.9332,5.1094,5.0427,0.1309,0.6889,True,MOVING_MOTION_EVENT
30,101.csv,219.59,221.09,1.5,Pothole,24.399494468,88.616878756,40.77,40.672,39.161,42.018,2.857,0.962,MOVING,False,False,False,2.116,9.5622,9.359,0.3118,1.661,True,MOVING_MOTION_EVENT
31,101.csv,226.09,227.59,1.5,UNKNOWN,24.40017829,88.616832762,44.332,44.597,44.332,44.877,0.545,0.531,MOVING,False,False,False,0.7994,4.717,4.4698,0.1201,0.5912,True,MOVING_MOTION_EVENT
32,101.csv,241.09,243.09,2.0,Bump,24.401974315,88.61670999799999,48.312,48.258,46.596,48.684,2.088,-0.681,MOVING,False,False,False,0.7649,4.4821,4.2603,0.0998,0.5453,True,MOVING_MOTION_EVENT
33,101.csv,248.59,250.59,2.0,Pothole,24.402771655,88.616647172,33.451,32.929,30.224,38.307,8.083,-3.667,MOVING,False,False,False,1.0317,6.4335,6.1731,0.1591,1.2811,True,MOVING_MOTION_EVENT
34,101.csv,254.59,258.59,3.9999999999999716,Pothole,24.403282621,88.61664608019802,27.599,27.711,27.113,28.738,1.624,0.657,SLOW,False,False,False,1.992,16.037,15.9056,0.2842,1.8073,True,MOVING_MOTION_EVENT
35,101.csv,260.09,263.09,3.0,Pothole,24.403656914,88.616636364,31.376,31.95,31.161,33.881,2.72,-0.204,MOVING,False,False,False,1.1348,7.3357,7.2654,0.1436,0.8225,True,MOVING_MOTION_EVENT
36,101.csv,272.09,274.59,2.5,Pothole,24.4046674010101,88.61660978585859,22.436,23.399,21.39,26.501,5.11,-3.147,SLOW,False,False,False,2.8372,16.0776,15.8708,0.4093,2.226,True,MOVING_MOTION_EVENT
37,101.csv,276.59,278.59,2.0,Pothole,24.404910238,88.616602653,24.3,24.472,23.507,25.066,1.559,0.773,SLOW,False,False,False,2.0108,9.8777,9.7503,0.2941,1.5622,True,MOVING_MOTION_EVENT
38,101.csv,280.59,282.09,1.5,Pothole,24.405162204,88.616584872,28.945,28.842,27.827,29.59,1.763,0.6,SLOW,False,False,False,0.8172,4.8563,4.7208,0.1309,0.8217,True,MOVING_MOTION_EVENT
39,101.csv,286.09,287.59,1.5,Pothole,24.405523149,88.616570697,20.696,20.332,19.938,20.696,0.757,-0.727,SLOW,False,False,False,1.773,9.9512,9.6903,0.2316,1.1472,True,MOVING_MOTION_EVENT
40,102.csv,2.09,4.59,2.5,Pothole,24.380139861,88.62522508,8.685,8.4,6.942,9.088,2.147,-0.822,VERY_SLOW,False,False,False,1.0981,7.7643,7.6538,0.1285,0.8529,True,MOVING_MOTION_EVENT
41,102.csv,38.09,40.59,2.5,Bump,24.38044118,88.62473499058824,6.143,9.268,5.501,15.098,9.597,-6.906,VERY_SLOW,False,False,False,1.3009,7.292,7.1761,0.1433,0.9868,True,MOVING_MOTION_EVENT
42,102.csv,73.09,77.59,4.5,Bump,24.380673374,88.623928099,12.819,13.176,12.523,14.204,1.681,-0.476,VERY_SLOW,False,False,False,0.8755,4.8788,4.7092,0.1211,0.8467,True,MOVING_MOTION_EVENT
43,102.csv,83.09,89.09,6.0,Pothole,24.380755322,88.623563298,12.54,12.633,12.198,13.245,1.047,0.729,VERY_SLOW,False,False,False,0.9037,5.6148,5.5232,0.1207,0.7465,True,MOVING_MOTION_EVENT
44,102.csv,95.09,96.59,1.5,UNKNOWN,24.380809531,88.623156717,20.193,20.842,20.193,21.713,1.52,1.297,SLOW,False,False,False,0.8601,5.0967,4.9257,0.1118,0.601,True,MOVING_MOTION_EVENT
45,102.csv,101.09,102.59,1.5,Bump,24.380853929,88.622803905,20.382,20.089,19.694,20.382,0.688,-0.587,SLOW,False,False,False,0.8255,5.2294,5.041,0.2092,0.9974,True,MOVING_MOTION_EVENT
46,102.csv,111.59,113.09,1.5,Bump,24.380859446,88.622427526,9.715,9.562,8.972,9.991,1.018,0.408,VERY_SLOW,False,False,False,0.8125,4.3679,4.1433,0.1894,0.9616,True,MOVING_MOTION_EVENT
47,102.csv,120.09,121.09,1.0,Bump,24.380828168,88.622197272,9.313,9.323,9.313,9.385,0.072,0.02,VERY_SLOW,False,False,False,0.7478,4.201,4.111,0.108,0.6252,True,MOVING_MOTION_EVENT
48,102.csv,136.09,139.59,3.5,Pothole,24.380825194,88.621798114,10.158,10.067,9.164,11.425,2.261,-1.429,VERY_SLOW,False,False,False,0.9212,5.8308,5.6367,0.1072,0.7149,True,MOVING_MOTION_EVENT
49,102.csv,144.09,145.59,1.5,Pothole,24.38085683,88.621603995,8.933,8.535,7.999,8.933,0.934,-0.797,VERY_SLOW,False,False,False,0.7839,3.6912,3.3993,0.0879,0.4927,True,MOVING_MOTION_EVENT
50,102.csv,149.59,152.09,2.5,Pothole,24.38090443,88.62145377,10.235,10.501,10.023,11.77,1.747,0.654,VERY_SLOW,False,False,False,1.2377,6.9546,6.7745,0.1686,1.039,True,MOVING_MOTION_EVENT
51,102.csv,171.09,175.59,4.5,Pothole,24.381066789,88.620693521,9.733,9.932,9.199,10.944,1.745,0.9,VERY_SLOW,False,False,False,0.7769,4.532,4.3437,0.0938,0.5303,True,MOVING_MOTION_EVENT
52,102.csv,177.59,179.59,2.0,Pothole,24.381097784,88.620530148,12.705,12.566,12.053,13.091,1.038,-0.556,VERY_SLOW,False,False,False,0.7788,4.1933,4.0612,0.0853,0.4696,True,MOVING_MOTION_EVENT
53,102.csv,183.09,184.09,1.0,Pothole,24.381122112,88.620391608,7.518,7.346,6.286,7.518,1.233,-0.345,VERY_SLOW,False,False,False,0.7706,4.3057,4.2398,0.1334,0.7291,True,MOVING_MOTION_EVENT
54,102.csv,187.59,188.59,1.0,UNKNOWN,24.381148256,88.62032600399999,7.286,6.85,6.074,7.286,1.212,0.873,VERY_SLOW,False,False,False,0.7427,3.4869,3.3245,0.0962,0.4376,True,MOVING_MOTION_EVENT
55,102.csv,196.09,198.09,2.0,UNKNOWN,24.381154406,88.620106196,10.555,10.594,10.492,11.177,0.685,-0.012,VERY_SLOW,False,False,False,0.9213,4.8565,4.5729,0.1154,0.8632,True,MOVING_MOTION_EVENT
56,102.csv,205.09,214.59,9.5,"Bump,Pothole",24.381185514,88.619600954,13.767,13.71,6.308,21.106,14.798,-3.373,VERY_SLOW,False,False,False,0.9247,6.1482,6.0358,0.1021,0.6527,True,MOVING_MOTION_EVENT
57,102.csv,221.59,225.59,4.0,Bump,24.381207268,88.619045104,19.108,19.551,18.799,20.785,1.986,0.077,SLOW,False,False,False,1.5874,10.0513,9.8692,0.1981,1.3867,True,MOVING_MOTION_EVENT
58,103.csv,20.09,27.59,7.5,Bump,24.3756483,88.622331284,8.066,9.575,4.753,15.168,10.415,5.465,VERY_SLOW,False,False,False,0.9998,6.8412,6.7497,0.1572,1.1272,True,MOVING_MOTION_EVENT
59,103.csv,56.59,59.59,3.0,Bump,24.377071266,88.622942751,13.597,14.121,11.497,18.02,6.523,-2.924,VERY_SLOW,False,False,False,0.8698,4.8358,4.629,0.1309,0.621,True,MOVING_MOTION_EVENT
60,103.csv,72.59,75.09,2.5,Bump,24.377542712,88.622965952,10.769,10.323,9.289,12.609,3.321,1.204,VERY_SLOW,False,False,False,0.9755,6.2319,5.9914,0.1262,1.2222,True,MOVING_MOTION_EVENT
61,103.csv,83.09,87.09,4.0,Pothole,24.377640787,88.62355343,25.601,25.509,24.969,26.877,1.909,-0.275,SLOW,False,False,False,1.6916,10.2972,10.1859,0.2308,1.7221,True,MOVING_MOTION_EVENT
62,103.csv,89.59,91.09,1.5,Pothole,24.377698652,88.623929214,26.239,27.035,26.239,28.79,2.551,-0.653,SLOW,False,False,False,0.8149,5.55,5.3833,0.0857,0.4251,True,MOVING_MOTION_EVENT
63,103.csv,99.09,101.09,2.0,Pothole,24.377795939,88.624567758,12.021,13.783,4.123,17.886,13.763,-6.211,VERY_SLOW,False,False,False,0.9753,6.0652,5.903,0.1265,0.8086,True,MOVING_MOTION_EVENT
64,103.csv,103.09,106.09,3.0,Pothole,24.37787753375,88.624590126,13.106,12.912,6.446,18.721,12.274,6.283,VERY_SLOW,False,False,False,0.8767,4.8532,4.6958,0.1417,0.8373,True,MOVING_MOTION_EVENT
65,103.csv,114.09,118.59,4.5,Pothole,24.37829235,88.62467393600001,9.197,9.114,8.604,9.275,0.671,0.251,VERY_SLOW,False,False,False,1.1764,6.6379,6.5528,0.3688,2.1196,True,MOVING_MOTION_EVENT
66,103.csv,125.09,126.59,1.5,UNKNOWN,24.378520744,88.624746292,6.554,7.371,6.554,8.383,1.829,1.634,VERY_SLOW,False,False,False,0.7086,3.9655,3.8319,0.0963,0.5031,True,MOVING_MOTION_EVENT
67,13.csv,2.09,7.09,5.0,Bump,24.374993116,88.598091919,28.264,28.213,26.023,29.35,3.328,1.322,SLOW,False,False,False,0.8656,5.2439,5.1725,0.1037,0.5986,True,MOVING_MOTION_EVENT
68,14.csv,5.09,6.09,1.0,Pothole,24.3764502059406,88.58893793564356,14.346,14.029,5.337,14.346,9.009,-0.635,VERY_SLOW,False,False,False,0.7821,4.1187,3.8569,0.1145,0.6303,True,MOVING_MOTION_EVENT
69,14.csv,8.09,9.09,1.0,Bump,24.37649813861386,88.58885131188119,10.224,10.069,9.781,10.224,0.443,-0.31,VERY_SLOW,False,False,False,0.7734,3.4451,3.3171,0.1136,0.6579,True,MOVING_MOTION_EVENT
70,14.csv,13.09,17.09,4.0,Bump,24.37671001010101,88.58877128080807,15.121,14.484,8.056,18.521,10.465,-6.476,SLOW,False,False,False,1.1371,7.5666,7.3613,0.1658,0.9794,True,MOVING_MOTION_EVENT
71,14.csv,26.09,27.59,1.5,Pothole,24.377094064,88.58885418599999,17.584,17.662,17.584,17.766,0.183,-0.156,SLOW,False,False,False,0.811,4.0518,3.8719,0.1077,0.7301,True,MOVING_MOTION_EVENT
72,14.csv,30.09,47.59,17.500000000000004,UNKNOWN,24.377574373,88.58895358,14.823,15.147,12.332,18.097,5.765,-1.825,VERY_SLOW,False,False,False,1.0675,8.1596,8.0261,0.1418,1.3585,True,MOVING_MOTION_EVENT
73,14.csv,52.59,55.59,3.0,UNKNOWN,24.37803807070707,88.58907844646465,12.526,12.031,9.689,13.347,3.658,1.932,VERY_SLOW,False,False,False,0.7654,5.0473,4.8197,0.0808,0.4148,True,MOVING_MOTION_EVENT
74,14.csv,60.09,61.59,1.5,UNKNOWN,24.37823474752475,88.58913738415842,11.745,11.647,11.515,11.745,0.231,0.197,VERY_SLOW,False,False,False,0.844,5.2291,5.0702,0.0777,0.4749,True,MOVING_MOTION_EVENT
75,14.csv,65.59,67.09,1.5,UNKNOWN,24.378404773,88.589178007,12.15,12.055,11.485,12.84,1.355,-0.448,VERY_SLOW,False,False,False,0.7367,3.6126,3.5005,0.0771,0.3909,False,NORMAL_MOTION
76,14.csv,70.59,74.59,4.0,UNKNOWN,24.378587088,88.58923462999999,14.451,14.297,12.153,14.833,2.681,-0.033,VERY_SLOW,False,False,False,1.2901,8.5907,8.2908,0.1891,1.7789,True,MOVING_MOTION_EVENT
77,14.csv,78.09,79.59,1.5,Bump,24.378759177,88.589269563,4.449,4.981,4.449,5.695,1.246,-1.063,VERY_SLOW,False,False,False,0.8179,4.6558,4.0944,0.1696,1.104,True,MOVING_MOTION_EVENT
78,14.csv,86.09,89.09,3.0,UNKNOWN,24.378902142,88.589308986,9.861,9.835,9.543,10.061,0.518,-0.009,VERY_SLOW,False,False,False,0.8901,6.3353,6.2497,0.0833,0.4675,True,MOVING_MOTION_EVENT
79,14.csv,95.09,97.59,2.5,UNKNOWN,24.379158174,88.589368966,13.917,13.744,13.208,14.195,0.988,-0.631,VERY_SLOW,False,False,False,1.0269,4.9446,4.5765,0.1335,0.6883,True,MOVING_MOTION_EVENT
80,14.csv,107.59,110.59,3.0,UNKNOWN,24.37951488282828,88.5894583939394,12.829,12.455,11.218,13.53,2.312,1.553,VERY_SLOW,False,False,False,0.759,3.6515,3.458,0.08,0.4111,True,MOVING_MOTION_EVENT
81,14.csv,116.59,119.59,3.0,Bump,24.37976764,88.589532532,11.072,10.981,9.625,12.277,2.652,1.565,VERY_SLOW,False,False,False,0.7975,4.2505,4.0664,0.0944,0.6101,True,MOVING_MOTION_EVENT
82,15.csv,13.59,17.09,3.5,Bump,24.379347406,88.564506743,8.394,9.176,8.283,10.75,2.467,-1.66,VERY_SLOW,False,False,False,1.3781,7.7379,7.6357,0.2008,1.2218,True,MOVING_MOTION_EVENT
83,16.csv,6.09,10.59,4.5,Bump,24.377908781,88.58281493,15.994,16.07,11.861,18.597,6.736,-1.76,SLOW,False,False,False,1.6775,9.3389,9.2,0.2243,1.2368,True,MOVING_MOTION_EVENT
84,16.csv,18.09,21.59,3.5,UNKNOWN,24.377827007,88.58339096600001,21.452,21.386,19.918,22.239,2.321,0.891,SLOW,False,False,False,0.7165,3.6817,3.5733,0.1356,1.0216,True,MOVING_MOTION_EVENT
85,17.csv,5.09,8.09,3.0,"Bump,Pothole",24.381150576,88.587454104,13.006,13.799,12.424,18.14,5.715,-2.097,VERY_SLOW,False,False,False,1.9226,13.8615,13.6761,0.2948,1.9278,True,MOVING_MOTION_EVENT
86,18.csv,2.59,5.09,2.5,Pothole,24.381995465000003,88.585562623,13.821,14.227,13.568,15.748,2.18,-1.161,VERY_SLOW,False,False,False,1.4914,8.6557,8.5989,0.1667,0.7866,True,MOVING_MOTION_EVENT
87,19.csv,3.09,5.09,2.0,Bump,24.387579278,88.55680644,53.208,53.479,52.944,54.899,1.955,-0.416,FAST,False,False,False,1.0361,6.0051,5.9415,0.1106,0.7665,True,MOVING_MOTION_EVENT
88,19.csv,11.59,13.09,1.5,Bump,24.387088826,88.55568223099999,56.016,56.349,56.016,56.822,0.805,0.666,FAST,False,False,False,0.7565,4.9818,4.8356,0.0808,0.4223,True,MOVING_MOTION_EVENT
89,2.csv,0.09,2.09,1.9999999999999998,Bump,24.3732946,88.5313747,0.0,13.185,0.0,74.778,74.778,26.37,STOPPED,True,False,True,0.8416,4.9906,4.6811,0.1103,0.61,True,STOPPED
90,20.csv,6.59,9.09,2.5,Pothole,24.38845312,88.591730975,7.864,8.07,7.142,9.424,2.282,1.336,VERY_SLOW,False,False,False,0.772,4.308,4.2662,0.0918,0.5892,True,MOVING_MOTION_EVENT
91,20.csv,11.09,14.09,3.0,Bump,24.38841396,88.59185018,8.251,8.724,6.954,10.748,3.794,-2.155,VERY_SLOW,False,False,False,0.8481,4.6712,4.4518,0.0879,0.5521,True,MOVING_MOTION_EVENT
92,20.csv,18.59,31.59,13.0,"Bump,Pothole",24.38830468,88.59212553,14.266,14.25,6.55,21.375,14.825,7.525,VERY_SLOW,False,False,False,1.2975,9.2476,9.1953,0.1606,1.8454,True,MOVING_MOTION_EVENT
93,20.csv,37.59,38.59,1.0,Pothole,24.3880844,88.59254152999999,13.927,14.031,13.927,14.448,0.521,0.208,VERY_SLOW,False,False,False,0.8246,4.3716,4.0835,0.0902,0.492,True,MOVING_MOTION_EVENT
94,20.csv,40.59,43.09,2.5,Pothole,24.38795125,88.592512985,14.045,14.095,13.416,14.753,1.337,-0.805,VERY_SLOW,False,False,False,1.0455,6.6035,6.2996,0.1437,0.9443,True,MOVING_MOTION_EVENT
95,20.csv,59.09,74.09,15.0,"Bump,Pothole",24.3877095,88.59291438000001,20.505,20.408,8.835,28.857,20.021,9.191,SLOW,False,False,False,1.4483,14.6207,14.4203,0.2118,2.6952,True,MOVING_MOTION_EVENT
96,20.csv,77.09,79.59,2.5,Pothole,24.38752196,88.59366347999999,16.095,15.405,1.823,20.967,19.144,-3.719,SLOW,True,False,False,1.0804,6.1793,5.9651,0.188,1.199,True,MOVING_MOTION_EVENT
97,20.csv,84.59,89.59,5.0,"Bump,Pothole",24.38747399,88.59388215,13.024,12.187,5.723,17.784,12.061,5.365,VERY_SLOW,False,False,False,0.9014,4.9006,4.6407,0.1457,0.6471,True,MOVING_MOTION_EVENT
98,20.csv,92.09,93.09,1.0,Bump,24.38732858,88.59398042,14.36,14.641,14.36,15.296,0.936,-0.562,VERY_SLOW,False,False,False,0.7655,4.5815,4.3683,0.0997,0.5176,True,MOVING_MOTION_EVENT
99,20.csv,109.09,111.59,2.5,Bump,24.38701617,88.594164275,11.236,11.468,11.172,11.943,0.771,-0.301,VERY_SLOW,False,False,False,0.8766,5.2746,5.1396,0.0988,0.5999,True,MOVING_MOTION_EVENT
100,20.csv,119.59,121.59,2.0,Bump,24.3869343,88.59446256,8.286,9.364,6.328,11.469,5.141,-2.938,VERY_SLOW,False,False,False,1.048,5.2257,5.1119,0.1131,0.5503,True,MOVING_MOTION_EVENT
101,20.csv,126.59,129.59,3.0,Bump,24.38686416,88.59463064,9.666,9.194,7.42,9.85,2.43,-1.141,VERY_SLOW,False,False,False,1.0159,6.4053,6.1558,0.3928,2.4335,True,MOVING_MOTION_EVENT
102,21.csv,3.09,5.09,2.0,Bump,24.390025634,88.596256465,26.725,26.826,26.409,27.291,0.881,0.594,SLOW,False,False,False,1.0318,7.0054,6.8274,0.1215,0.6883,True,MOVING_MOTION_EVENT
103,21.csv,7.09,8.09,1.0,Bump,24.39023787,88.596358991,19.709,21.008,19.709,26.546,6.837,-2.598,SLOW,False,False,False,0.8038,3.2094,3.0699,0.0965,0.5222,True,MOVING_MOTION_EVENT
104,22.csv,1.59,5.09,3.5,UNKNOWN,24.394672426,88.572244146,49.562,51.286,46.62,68.431,21.811,-4.48,MOVING,False,False,False,0.8646,4.9007,4.5888,0.1003,0.6093,True,MOVING_MOTION_EVENT
105,22.csv,6.59,17.09,10.5,Bump,24.393995808,88.571446044,46.664,46.901,45.956,48.493,2.537,1.432,MOVING,False,False,False,1.0243,7.3918,7.2252,0.1047,0.7607,True,MOVING_MOTION_EVENT
106,24.csv,2.59,4.09,1.5,Bump,24.37000647,88.62133092,28.917,29.253,28.917,30.232,1.315,0.496,SLOW,False,False,False,1.9974,8.2519,8.1527,0.2666,1.1864,True,MOVING_MOTION_EVENT
107,24.csv,5.59,10.59,5.0,Bump,24.36992755,88.621690535,21.627,22.072,9.652,29.861,20.209,-10.425,SLOW,False,True,False,1.0742,6.1102,5.9354,0.1272,0.6959,True,DECELERATION
108,24.csv,38.59,43.59,5.0,Bump,24.370801315,88.62261301,17.663,17.488,16.454,18.15,1.696,-0.747,SLOW,False,False,False,1.3523,8.6103,8.4837,0.1584,1.0255,True,MOVING_MOTION_EVENT
109,25.csv,4.09,5.59,1.5,Bump,24.370415252,88.60296412,11.08,10.409,6.8,11.155,4.356,-1.343,VERY_SLOW,False,False,False,1.005,4.8501,4.6306,0.085,0.4282,True,MOVING_MOTION_EVENT
110,26.csv,0.09,3.09,3.0,Pothole,24.373111884,88.60292957600001,13.986,11.366,0.0,16.976,16.976,5.554,VERY_SLOW,True,False,False,1.0558,7.3338,7.1268,0.1711,1.1227,True,MOVING_MOTION_EVENT
111,26.csv,5.09,7.59,2.5,Pothole,24.372930143,88.60296978,12.588,12.007,9.288,18.059,8.771,-4.488,VERY_SLOW,False,False,False,0.9214,4.9824,4.5014,0.1026,0.629,True,MOVING_MOTION_EVENT
112,26.csv,12.59,13.59,1.0,Pothole,24.372745376,88.602974006,12.305,11.73,7.507,12.305,4.798,-1.152,VERY_SLOW,False,False,False,0.814,4.4025,4.2803,0.0797,0.4164,True,MOVING_MOTION_EVENT
113,26.csv,18.09,19.59,1.5,Pothole,24.372612093,88.602992594,12.653,12.574,11.949,13.895,1.946,0.555,VERY_SLOW,False,False,False,0.7263,3.1393,3.0468,0.0951,0.5129,True,MOVING_MOTION_EVENT
114,27.csv,17.59,19.09,1.5,Pothole,24.37417607,88.60364809,7.473,6.76,5.853,7.473,1.62,1.426,VERY_SLOW,False,False,False,1.0711,5.0887,5.0039,0.096,0.5651,True,MOVING_MOTION_EVENT
115,27.csv,21.59,24.09,2.5,Pothole,24.3741201645,88.603545541,14.417,14.328,11.361,16.553,5.192,3.049,VERY_SLOW,False,False,False,,,,,,False,NORMAL_MOTION
116,28.csv,6.09,8.09,2.0,Pothole,24.374566659,88.608098444,18.694,19.068,15.105,19.768,4.663,-1.25,SLOW,False,False,False,1.0085,5.4432,5.3824,0.1144,0.6667,True,MOVING_MOTION_EVENT
117,29.csv,13.59,16.59,3.0,"Bump,Pothole",24.37452705,88.60760862400001,10.694,10.945,9.716,13.052,3.336,1.442,VERY_SLOW,False,False,False,0.923,5.0673,4.9179,0.1149,0.7475,True,MOVING_MOTION_EVENT
118,30.csv,4.59,7.59,3.0,Pothole,24.376455306,88.605126638,6.148,6.258,5.081,7.736,2.656,-1.623,VERY_SLOW,False,False,False,1.6554,10.598,10.4254,0.1114,0.6304,True,MOVING_MOTION_EVENT
119,30.csv,11.09,13.09,2.0,Pothole,24.37636226,88.60507721399999,8.866,9.191,8.468,10.296,1.828,0.857,VERY_SLOW,False,False,False,0.8514,4.6194,4.4357,0.0918,0.5378,True,MOVING_MOTION_EVENT
120,30.csv,18.09,19.59,1.5,Pothole,24.37622715,88.604992484,10.212,9.829,8.808,10.212,1.404,0.619,VERY_SLOW,False,False,False,0.8094,3.4113,3.3479,0.0825,0.3559,True,MOVING_MOTION_EVENT
121,30.csv,25.09,26.59,1.5,Pothole,24.37601652,88.60487695399999,13.122,13.573,11.842,15.401,3.559,-1.346,VERY_SLOW,False,False,False,0.9686,4.2005,3.9497,0.1194,0.7257,True,MOVING_MOTION_EVENT
122,30.csv,40.59,42.09,1.5,Bump,24.375534808,88.604624896,18.445,18.349,18.216,18.445,0.229,-0.193,SLOW,False,False,False,1.0209,5.4857,5.1856,0.0879,0.516,True,MOVING_MOTION_EVENT
123,31.csv,4.59,7.59,3.0,Pothole,24.376455306,88.605126638,6.148,6.258,5.081,7.736,2.656,-1.623,VERY_SLOW,False,False,False,1.6554,10.598,10.4254,0.1114,0.6304,True,MOVING_MOTION_EVENT
124,31.csv,11.09,13.09,2.0,Pothole,24.37636226,88.60507721399999,8.866,9.191,8.468,10.296,1.828,0.857,VERY_SLOW,False,False,False,0.8514,4.6194,4.4357,0.0918,0.5378,True,MOVING_MOTION_EVENT
125,31.csv,18.09,19.59,1.5,Pothole,24.37622715,88.604992484,10.212,9.829,8.808,10.212,1.404,0.619,VERY_SLOW,False,False,False,0.8094,3.4113,3.3479,0.0825,0.3559,True,MOVING_MOTION_EVENT
126,31.csv,25.09,26.59,1.5,Pothole,24.37601652,88.60487695399999,13.122,13.573,11.842,15.401,3.559,-1.346,VERY_SLOW,False,False,False,0.9686,4.2005,3.9497,0.1194,0.7257,True,MOVING_MOTION_EVENT
127,31.csv,40.59,42.09,1.5,Bump,24.375534808,88.604624896,18.445,18.349,18.216,18.445,0.229,-0.193,SLOW,False,False,False,1.0209,5.4857,5.1856,0.0879,0.516,True,MOVING_MOTION_EVENT
128,32.csv,8.09,13.59,5.5,Bump,24.384946632,88.550456933,11.387,13.656,10.022,19.125,9.103,-6.266,VERY_SLOW,False,False,False,1.12,6.9175,6.7235,0.1472,1.2513,True,MOVING_MOTION_EVENT
129,32.csv,15.09,17.09,2.0,Bump,24.384910348,88.55029732,14.828,14.68,12.953,17.341,4.388,2.105,VERY_SLOW,False,False,False,0.9635,5.6648,5.5261,0.0957,0.4595,True,MOVING_MOTION_EVENT
130,33.csv,15.09,18.59,3.5,Bump,24.375586832,88.622309736,7.576,8.463,7.359,13.152,5.793,-1.998,VERY_SLOW,False,False,False,1.157,6.4673,6.3459,0.164,0.9933,True,MOVING_MOTION_EVENT
131,34.csv,7.09,8.59,1.5,Pothole,24.37571004,88.62265836,8.473,8.309,7.096,10.049,2.953,0.958,VERY_SLOW,False,False,False,0.7728,3.5953,3.3699,0.0885,0.4788,True,MOVING_MOTION_EVENT
132,35.csv,2.59,4.09,1.5,Pothole,24.37571321,88.622927535,8.496,8.344,8.17,8.496,0.326,-0.304,VERY_SLOW,False,False,False,0.7452,3.8124,3.675,0.1362,0.8417,True,MOVING_MOTION_EVENT
133,36.csv,5.59,7.09,1.5,Pothole,24.37575612,88.625413274,8.791,9.516,8.791,10.575,1.785,-1.451,VERY_SLOW,False,False,False,0.896,4.3544,4.231,0.1112,0.5696,True,MOVING_MOTION_EVENT
134,36.csv,13.09,19.09,6.0,Pothole,24.37574021515152,88.62569074444444,10.938,9.565,6.357,12.127,5.77,-3.77,VERY_SLOW,False,False,False,0.8262,4.8822,4.7265,0.0864,0.5788,True,MOVING_MOTION_EVENT
135,38.csv,4.59,31.59,27.0,Pothole,24.375845612,88.632896485,15.791,15.822,9.213,18.926,9.713,3.077,SLOW,False,False,False,1.2787,8.9087,8.7974,0.1723,1.3082,True,MOVING_MOTION_EVENT
136,39.csv,12.09,13.59,1.5,UNKNOWN,24.3758384,88.6360331,43.885,43.885,43.797,43.974,0.176,-0.176,MOVING,False,False,False,0.7796,4.5304,4.3011,0.0913,0.491,True,MOVING_MOTION_EVENT
137,39.csv,20.59,21.59,1.0,Bump,24.375845424,88.6369295,21.158,23.227,21.158,29.434,8.276,-4.138,SLOW,False,False,False,0.7929,4.5461,4.3188,0.0849,0.4523,True,MOVING_MOTION_EVENT
138,4.csv,0.09,4.09,4.0,Bump,24.373630795,88.534484506,23.859,18.702,0.0,27.893,27.893,11.926,SLOW,True,False,True,0.9742,5.8287,5.5689,0.1119,0.604,True,ACCELERATION
139,4.csv,6.09,20.59,14.5,"Bump,Pothole",24.373569524,88.533744332,19.047,19.456,10.383,30.391,20.008,-7.609,SLOW,False,False,False,1.0302,7.53,7.3002,0.1112,0.8242,True,MOVING_MOTION_EVENT
140,41.csv,10.09,11.59,1.5,Bump,24.37601437777778,88.64192947654321,8.907,8.709,5.701,8.907,3.206,-0.055,VERY_SLOW,False,False,False,0.9214,4.8781,4.7473,0.1303,0.7709,True,MOVING_MOTION_EVENT
141,41.csv,18.59,20.59,2.0,Bump,24.37623726,88.64196367,11.156,11.059,9.462,13.749,4.288,-2.009,VERY_SLOW,False,False,False,0.9732,6.5458,6.3772,0.1961,1.3452,True,MOVING_MOTION_EVENT
142,42.csv,2.59,4.59,2.0,Pothole,24.37700474,88.642762002,19.286,19.326,19.166,19.768,0.602,-0.056,SLOW,False,False,False,1.0627,5.7645,5.6767,0.1186,0.6801,True,MOVING_MOTION_EVENT
143,42.csv,12.09,14.59,2.5,Pothole,24.377410225,88.643052177,17.773,15.953,8.039,18.921,10.882,-4.155,SLOW,False,False,False,0.8631,4.7026,4.4715,0.0879,0.4627,True,MOVING_MOTION_EVENT
144,43.csv,2.59,7.59,5.0,Bump,24.374739902,88.642971668,11.759,13.874,4.061,21.337,17.276,-6.291,VERY_SLOW,False,False,False,1.428,7.5347,7.3105,0.1963,1.3874,True,MOVING_MOTION_EVENT
145,43.csv,14.59,16.09,1.5,Bump,24.374319997,88.642973399,24.075,23.894,23.698,24.075,0.377,0.362,SLOW,False,False,False,0.7479,4.4371,4.0765,0.1074,0.6661,True,MOVING_MOTION_EVENT
146,44.csv,0.09,3.59,3.5,Pothole,24.37393566526316,88.64297398947367,11.635,9.582,0.0,22.117,22.117,4.665,VERY_SLOW,True,False,False,0.9688,5.4551,5.3467,0.1319,0.7846,True,MOVING_MOTION_EVENT
147,44.csv,10.09,33.59,23.500000000000004,Pothole,24.373374911,88.64297189199999,11.377,11.739,9.071,15.243,6.173,2.841,VERY_SLOW,False,False,False,0.9856,7.1674,7.0947,0.1399,1.1448,True,MOVING_MOTION_EVENT
148,44.csv,36.59,39.09,2.5,Pothole,24.372880951,88.642892307,13.21,12.582,11.442,13.307,1.865,1.347,VERY_SLOW,False,False,False,0.8199,4.2074,3.927,0.1078,0.802,True,MOVING_MOTION_EVENT
149,44.csv,43.09,49.09,6.0,Pothole,24.372870114,88.64260225599999,10.321,10.67,7.622,14.198,6.576,-3.379,VERY_SLOW,False,False,False,1.0497,6.0142,5.8445,0.1296,0.8308,True,MOVING_MOTION_EVENT
150,46.csv,0.09,2.59,2.5,UNKNOWN,24.365182931578943,88.66719730000001,28.615,22.929,0.0,38.935,38.935,12.218,SLOW,True,False,True,0.8927,5.4788,5.3382,0.1582,0.963,True,ACCELERATION
151,46.csv,8.59,9.59,1.0,Bump,24.365180771,88.667830101,30.54,30.52,30.451,30.54,0.089,-0.041,MOVING,False,False,False,0.7454,3.7343,3.4969,0.0874,0.4121,True,MOVING_MOTION_EVENT
152,47.csv,0.09,2.59,2.5,UNKNOWN,24.365182931578943,88.66719730000001,28.615,22.929,0.0,38.935,38.935,12.218,SLOW,True,False,True,0.8927,5.4788,5.3382,0.1582,0.963,True,ACCELERATION
153,47.csv,8.59,9.59,1.0,Bump,24.365180771,88.667830101,30.54,30.52,30.451,30.54,0.089,-0.041,MOVING,False,False,False,0.7454,3.7343,3.4969,0.0874,0.4121,True,MOVING_MOTION_EVENT
154,48.csv,1.59,3.59,1.9999999999999998,Bump,24.365381053,88.674720631,22.246,22.422,20.421,24.109,3.688,1.847,SLOW,False,False,False,0.7966,4.4085,4.2104,0.0908,0.585,True,MOVING_MOTION_EVENT
155,48.csv,6.59,10.59,4.0,Bump,24.365409104,88.67515730299999,29.603,29.65,27.513,31.188,3.675,1.443,SLOW,False,False,False,1.088,5.7714,5.6541,0.1019,0.5109,True,MOVING_MOTION_EVENT
156,48.csv,15.59,17.59,2.0,UNKNOWN,24.365426206,88.675790303,29.492,20.88,0.0,29.792,29.792,-17.331,SLOW,True,True,False,0.8523,5.7783,5.5405,0.0995,0.537,True,DECELERATION
157,5.csv,1.59,5.59,4.0,Bump,24.373466557,88.533120195,9.202,8.865,6.164,10.308,4.143,-1.672,VERY_SLOW,False,False,False,0.904,5.2704,5.0561,0.1205,0.8611,True,MOVING_MOTION_EVENT
158,5.csv,13.09,15.59,2.5,Pothole,24.373457608,88.532907416,11.521,11.501,8.022,12.65,4.628,-1.695,VERY_SLOW,False,False,False,1.0822,6.3162,5.9842,0.16,1.1944,True,MOVING_MOTION_EVENT
159,5.csv,19.09,40.09,21.000000000000004,Pothole,24.373404402,88.532439609,20.587,20.106,5.389,32.283,26.894,13.739,SLOW,False,False,True,1.1956,10.2601,10.1618,0.1417,0.9279,True,ACCELERATION
160,50.csv,7.09,29.59,22.5,Bump,24.36559006,88.723751145,27.984,28.828,10.368,54.935,44.568,-10.758,SLOW,False,True,False,1.1472,8.7793,8.5387,0.1381,1.0114,True,DECELERATION
161,51.csv,0.59,2.59,2.0,Bump,24.368788291,88.749175095,27.21,27.676,0.0,45.321,45.321,-2.307,SLOW,True,False,False,0.9105,5.1533,4.9316,0.0923,0.5227,True,MOVING_MOTION_EVENT
162,51.csv,16.09,19.59,3.5,Pothole,24.368477392,88.750314712,33.134,33.736,30.939,36.858,5.919,2.985,MOVING,False,False,False,1.2474,7.6658,7.4265,0.138,0.7197,True,MOVING_MOTION_EVENT
163,51.csv,22.59,26.09,3.5,Pothole,24.368258772,88.75095761600001,40.845,40.851,40.004,41.278,1.275,-0.791,MOVING,False,False,False,1.1301,7.3089,7.1462,0.1342,0.7683,True,MOVING_MOTION_EVENT
164,51.csv,27.59,29.09,1.5,"Bump,Pothole",24.368116536,88.75135645399999,37.043,37.202,37.043,37.389,0.346,-0.318,MOVING,False,False,False,0.9985,8.3186,8.0172,0.083,0.4612,True,MOVING_MOTION_EVENT
165,52.csv,3.59,14.09,10.5,Bump,24.366834484,88.75445567599999,29.479,30.912,24.674,44.534,19.859,-8.216,SLOW,False,False,False,1.1446,8.0012,7.8363,0.1317,0.8997,True,MOVING_MOTION_EVENT
166,52.csv,21.59,26.59,5.0,Bump,24.366701202,88.75540918,16.189,17.401,4.659,20.838,16.179,-4.258,SLOW,False,False,False,0.8813,5.3903,5.2358,0.0946,0.6106,True,MOVING_MOTION_EVENT
167,52.csv,28.09,36.09,8.000000000000004,Bump,24.366696624,88.755756792,16.337,16.378,11.566,18.926,7.36,-0.662,SLOW,False,False,False,1.4747,10.1608,10.04,0.1922,1.3637,True,MOVING_MOTION_EVENT
168,52.csv,38.09,43.09,5.0,Pothole,24.366722468,88.75616693,18.05,17.687,6.756,19.398,12.641,-2.084,SLOW,False,False,False,1.361,7.8712,7.7482,0.1825,1.2223,True,MOVING_MOTION_EVENT
169,52.csv,45.09,47.59,2.5,Pothole,24.366786536,88.756443768,20.051,19.717,18.833,20.407,1.574,-1.027,SLOW,False,False,False,1.3213,6.7355,6.4949,0.1468,0.8879,True,MOVING_MOTION_EVENT
170,52.csv,53.59,60.09,6.5,Bump,24.36707780842105,88.75695772105263,15.556,16.099,2.33,27.02,24.691,-2.548,SLOW,True,False,False,1.387,8.2134,7.875,0.1806,1.2749,True,MOVING_MOTION_EVENT
171,52.csv,69.09,71.59,2.5,Bump,24.36740798,88.75745142,20.264,17.053,10.948,20.754,9.806,-6.545,SLOW,False,False,False,1.5643,7.4029,7.1162,0.1976,1.1821,True,MOVING_MOTION_EVENT
172,52.csv,73.59,75.09,1.5,UNKNOWN,24.36749155,88.757552312,13.506,14.379,12.177,17.511,5.334,2.206,VERY_SLOW,False,False,False,1.01,6.2244,6.1643,0.1188,0.7376,True,MOVING_MOTION_EVENT
173,52.csv,78.09,84.59,6.5,Bump,24.36772281,88.757853462,21.354,20.825,17.688,24.316,6.628,-1.951,SLOW,False,False,False,1.4668,8.884,8.8231,0.1772,1.0421,True,MOVING_MOTION_EVENT
174,52.csv,86.59,88.59,2.0,Bump,24.367962008000003,88.758124295,26.232,26.54,25.286,27.08,1.794,0.861,SLOW,False,False,False,2.517,11.7783,11.547,0.4009,2.3306,True,MOVING_MOTION_EVENT
175,53.csv,2.09,3.59,1.5,Bump,24.381141332,88.76881530200001,57.058,55.801,53.432,57.058,3.626,-2.514,FAST,False,False,False,1.3822,9.7906,9.4274,0.1374,0.8246,True,MOVING_MOTION_EVENT
176,53.csv,7.09,8.09,1.0,UNKNOWN,24.381248632,88.769490848,52.634,52.498,45.817,52.634,6.818,-0.273,FAST,False,False,False,0.7897,3.8312,3.6532,0.0883,0.4758,True,MOVING_MOTION_EVENT
177,54.csv,0.59,17.59,17.0,Bump,24.372475965,88.837385085,47.886,47.733,0.0,73.113,73.113,-6.187,MOVING,True,False,False,1.1027,9.6677,9.561,0.1355,1.0969,True,MOVING_MOTION_EVENT
178,54.csv,19.09,24.09,5.0,Bump,24.37223706,88.838808555,31.221,31.846,22.983,38.468,15.486,-7.901,MOVING,False,False,False,1.5273,12.0995,11.8712,0.2195,1.7884,True,MOVING_MOTION_EVENT
179,57.csv,1.09,3.09,1.9999999999999998,Pothole,24.3801782,88.584898195,30.147,30.559,25.07,53.175,28.105,-8.847,MOVING,False,False,False,1.2196,8.5562,8.4508,0.1252,0.7138,True,MOVING_MOTION_EVENT
180,57.csv,9.59,11.59,2.0,UNKNOWN,24.380581486,88.58505556099999,10.175,10.567,9.189,11.682,2.493,-1.356,VERY_SLOW,False,False,False,1.5091,6.8633,6.6157,0.2537,1.0822,True,MOVING_MOTION_EVENT
181,58.csv,2.09,4.09,2.0,Bump,24.371120004,88.617850716,24.113,24.156,23.415,25.342,1.927,-0.866,SLOW,False,False,False,1.1855,5.8123,5.7515,0.1835,1.2483,True,MOVING_MOTION_EVENT
182,58.csv,10.09,11.59,1.5,UNKNOWN,24.370937289,88.61821047800001,21.072,21.737,21.072,22.583,1.512,1.33,SLOW,False,False,False,0.7039,3.5991,3.5606,0.1252,0.6134,True,MOVING_MOTION_EVENT
183,58.csv,15.59,24.09,8.5,Bump,24.370597031000003,88.61861458,21.508,21.88,20.149,23.849,3.699,1.761,SLOW,False,False,False,1.0662,6.6512,6.5409,0.127,0.9431,True,MOVING_MOTION_EVENT
184,58.csv,29.09,30.59,1.5,Bump,24.370380592,88.619204148,24.104,23.234,22.128,24.104,1.976,-1.739,SLOW,False,False,False,0.8524,4.1596,3.704,0.1221,0.6414,True,MOVING_MOTION_EVENT
185,59.csv,1.09,2.09,0.9999999999999998,UNKNOWN,24.387589601,88.595264421,9.176,11.728,9.176,14.385,5.209,-5.105,VERY_SLOW,False,False,False,0.82,3.5797,3.4852,0.094,0.5086,True,MOVING_MOTION_EVENT
186,59.csv,9.59,10.59,1.0,UNKNOWN,24.387963968,88.595495024,25.622,25.366,0.0,25.622,25.622,-0.512,SLOW,True,False,False,0.9896,4.4166,3.8897,0.0808,0.3871,True,MOVING_MOTION_EVENT
187,6.csv,2.09,16.59,14.5,Pothole,24.373200175,88.53732283999999,20.323,20.783,11.336,28.825,17.49,-4.989,SLOW,False,False,False,1.1715,10.5439,10.3658,0.1354,1.1277,True,MOVING_MOTION_EVENT
188,6.csv,25.09,26.09,1.0,Bump,24.37352192,88.53676102,8.866,8.946,8.866,9.666,0.8,0.16,VERY_SLOW,False,False,False,0.7984,4.0573,3.9196,0.0918,0.5106,True,MOVING_MOTION_EVENT
189,6.csv,30.09,44.09,14.000000000000004,"Bump,Pothole",24.37369946,88.53620893,15.786,16.021,4.826,23.25,18.424,-11.799,SLOW,False,True,False,1.4425,7.5906,7.4202,0.1892,1.1773,True,DECELERATION
190,6.csv,46.59,49.09,2.5,UNKNOWN,24.37376178,88.53594423999999,8.107,8.452,6.737,9.519,2.782,1.35,VERY_SLOW,False,False,False,0.8576,4.9142,4.7735,0.0818,0.4683,True,MOVING_MOTION_EVENT
191,6.csv,52.09,55.59,3.5,UNKNOWN,24.37379171,88.53582956000001,9.281,9.546,7.191,11.592,4.401,2.68,VERY_SLOW,False,False,False,0.8958,4.6516,4.4099,0.0831,0.4567,True,MOVING_MOTION_EVENT
192,6.csv,57.59,59.59,2.0,Pothole,24.37379796,88.53567402,13.121,13.02,12.647,13.258,0.611,-0.257,VERY_SLOW,False,False,False,0.8549,5.1544,4.8105,0.0959,0.5341,True,MOVING_MOTION_EVENT
193,6.csv,61.59,63.09,1.5,UNKNOWN,24.37378463,88.535539185,15.838,15.366,13.598,17.712,4.115,1.445,SLOW,False,False,False,0.8113,4.4686,4.1113,0.0983,0.5327,True,MOVING_MOTION_EVENT
194,6.csv,66.09,67.59,1.5,UNKNOWN,24.3737535,88.535288725,24.82,24.891,24.82,24.998,0.178,0.142,SLOW,False,False,False,0.7518,4.4114,4.2027,0.0962,0.4546,True,MOVING_MOTION_EVENT
195,60.csv,0.09,2.09,1.9999999999999998,UNKNOWN,24.4071537,88.523006775,20.529,17.231,0.0,30.54,30.54,20.412,SLOW,True,False,True,0.8812,4.6849,4.4571,0.1136,0.6227,True,ACCELERATION
196,60.csv,7.59,11.09,3.5,Pothole,24.406820408,88.522920604,8.307,8.368,6.46,11.716,5.257,-2.48,VERY_SLOW,False,False,False,1.0531,6.6649,6.3704,0.1156,0.7286,True,MOVING_MOTION_EVENT
197,61.csv,2.59,8.59,6.0,Pothole,24.415645187,88.52342425799999,27.151,27.465,26.675,30.059,3.384,-0.887,SLOW,False,False,False,1.4096,10.2487,10.0964,0.193,1.8467,True,MOVING_MOTION_EVENT
198,61.csv,19.09,22.09,3.0,Bump,24.41454191,88.523356084,23.393,23.668,22.951,27.793,4.841,-0.921,SLOW,False,False,False,1.7762,8.7793,8.531,0.2022,1.0664,True,MOVING_MOTION_EVENT
199,62.csv,1.09,3.59,2.5,UNKNOWN,24.417834612,88.529342879,26.185,27.348,0.0,30.912,30.912,-4.551,SLOW,True,False,False,1.1387,6.1818,6.0202,0.1331,0.7382,True,MOVING_MOTION_EVENT
200,62.csv,5.09,8.09,3.0,Bump,24.41764382,88.52927917000001,11.844,11.852,10.847,18.049,7.202,-1.291,VERY_SLOW,False,False,False,1.4562,8.5978,8.3875,0.1645,1.2831,True,MOVING_MOTION_EVENT
201,62.csv,12.09,23.09,11.0,Bump,24.417260614,88.529100788,19.908,19.227,15.089,22.254,7.166,3.695,SLOW,False,False,False,1.6088,13.7416,13.5789,0.2055,2.2366,True,MOVING_MOTION_EVENT
202,62.csv,24.59,33.09,8.500000000000004,Pothole,24.417394491,88.52851908,19.879,20.455,16.057,26.408,10.351,4.869,SLOW,False,False,False,1.2443,14.2012,14.0649,0.1235,0.9005,True,MOVING_MOTION_EVENT
203,63.csv,7.59,9.59,2.0,Pothole,24.417717427,88.523741042,30.462,30.438,30.158,30.539,0.38,0.041,MOVING,False,False,False,1.36,7.9234,7.7638,0.1949,1.2503,True,MOVING_MOTION_EVENT
204,64.csv,2.59,10.09,7.5,Pothole,24.418345112,88.524795595,12.302,12.157,6.021,15.837,9.816,3.674,VERY_SLOW,False,False,False,1.1548,6.7212,6.5307,0.1223,0.822,True,MOVING_MOTION_EVENT
205,65.csv,3.09,8.59,5.5,"Bump,Pothole",24.433576305,88.53353927,13.616,13.772,12.371,19.156,6.785,-1.835,VERY_SLOW,False,False,False,1.1375,6.5678,6.4734,0.1603,1.0179,True,MOVING_MOTION_EVENT
206,65.csv,11.09,17.59,6.5,"Bump,Pothole",24.43327944,88.53360337,11.839,12.308,9.092,18.107,9.016,-3.822,VERY_SLOW,False,False,False,1.2235,7.8114,7.75,0.1331,1.1625,True,MOVING_MOTION_EVENT
207,65.csv,22.59,37.59,15.000000000000004,"Bump,Pothole",24.43274088,88.53373557,16.032,16.079,8.299,24.794,16.495,5.314,SLOW,False,False,False,1.094,7.6871,7.6069,0.131,1.0297,True,MOVING_MOTION_EVENT
208,65.csv,43.09,47.09,4.0,"Bump,Pothole",24.43192351,88.53372855,18.996,19.597,17.765,25.005,7.239,-0.086,SLOW,False,False,False,1.3366,9.4656,9.1594,0.1522,0.8189,True,MOVING_MOTION_EVENT
209,65.csv,49.59,54.59,5.0,Pothole,24.431527,88.53362503,27.031,27.441,25.665,30.049,4.384,1.956,SLOW,False,False,False,0.783,5.1028,4.9611,0.0989,0.6881,True,MOVING_MOTION_EVENT
210,66.csv,2.59,4.09,1.5,Bump,24.435877884,88.53510876,8.774,8.447,6.409,8.774,2.366,0.039,VERY_SLOW,False,False,False,0.864,4.3025,4.1562,0.0889,0.5181,True,MOVING_MOTION_EVENT
211,66.csv,7.59,10.09,2.5,Bump,24.435758114,88.535111834,10.031,9.882,8.329,13.811,5.483,2.657,VERY_SLOW,False,False,False,1.0472,5.5312,5.3003,0.1063,0.7188,True,MOVING_MOTION_EVENT
212,67.csv,1.09,4.59,3.5,Bump,24.437809498,88.535290532,20.449,20.399,18.928,22.161,3.233,-1.627,SLOW,False,False,False,1.5325,9.0888,8.8664,0.3641,2.0919,True,MOVING_MOTION_EVENT
213,68.csv,0.09,2.59,2.5,UNKNOWN,24.365182931578943,88.66719730000001,28.615,22.929,0.0,38.935,38.935,12.218,SLOW,True,False,True,0.8927,5.4788,5.3382,0.1582,0.963,True,ACCELERATION
214,68.csv,8.59,9.59,1.0,Bump,24.365180771,88.667830101,30.54,30.52,30.451,30.54,0.089,-0.041,MOVING,False,False,False,0.7454,3.7343,3.4969,0.0874,0.4121,True,MOVING_MOTION_EVENT
215,69.csv,0.09,6.59,6.5,Bump,24.400619685,88.578590675,48.882,58.092,0.0,117.282,117.282,-19.635,MOVING,True,True,False,1.1848,8.6199,8.5554,0.1312,1.0564,True,DECELERATION
216,7.csv,0.09,42.09,42.0,"Bump,Pothole",24.374279043,88.542577564,25.358,28.409,0.0,493.237,493.237,-8.041,SLOW,True,False,False,1.3731,15.3658,15.3178,0.188,2.7005,True,MOVING_MOTION_EVENT
217,7.csv,43.59,70.09,26.5,"Bump,Pothole",24.373364018,88.540285452,27.863,27.375,22.824,30.131,7.307,-0.968,SLOW,False,False,False,1.228,11.1624,11.0928,0.158,1.4546,True,MOVING_MOTION_EVENT
218,7.csv,72.59,78.09,5.5,Pothole,24.372917836,88.53910138,23.184,22.046,18.015,24.495,6.48,3.206,SLOW,False,False,False,0.7884,4.6707,4.5028,0.0984,0.548,True,MOVING_MOTION_EVENT
219,70.csv,5.09,10.59,5.5,Bump,24.402302032,88.58028173800001,7.783,8.614,5.555,11.813,6.258,3.872,VERY_SLOW,False,False,False,1.1131,6.8207,6.5862,0.1338,0.8261,True,MOVING_MOTION_EVENT
220,70.csv,13.09,44.09,31.000000000000004,"Bump,Pothole",24.40313673253012,88.5803555686747,17.219,17.221,11.588,20.302,8.714,-0.903,SLOW,False,False,False,1.193,11.0715,10.9712,0.1522,1.5107,True,MOVING_MOTION_EVENT
221,70.csv,47.59,49.09,1.5,Bump,24.403956145454544,88.58043970909091,7.398,8.346,7.152,12.059,4.906,-2.047,VERY_SLOW,False,False,False,0.7345,3.3595,3.204,0.0779,0.529,False,NORMAL_MOTION
222,70.csv,53.09,57.59,4.5,Pothole,24.40410524,88.580453464,11.228,11.991,10.295,15.095,4.801,2.835,VERY_SLOW,False,False,False,1.1587,8.4199,8.1853,0.1267,0.8503,True,MOVING_MOTION_EVENT
223,70.csv,60.09,71.09,11.0,Pothole,24.404526495,88.580504034,16.295,16.344,8.82,19.812,10.991,-3.089,SLOW,False,False,False,1.0263,7.6575,7.544,0.1104,0.696,True,MOVING_MOTION_EVENT
224,70.csv,74.59,90.59,16.0,"Bump,Pothole",24.404830228,88.580245794,13.676,13.179,7.305,17.059,9.753,1.282,VERY_SLOW,False,False,False,1.1562,7.5439,7.3608,0.1495,0.9431,True,MOVING_MOTION_EVENT
225,71.csv,3.59,18.59,15.0,Bump,24.402970655,88.580319235,18.877,18.894,12.078,20.838,8.76,-0.816,SLOW,False,False,False,1.2393,8.5859,8.4881,0.1522,1.1627,True,MOVING_MOTION_EVENT
226,72.csv,4.09,5.59,1.5,Bump,24.403256803,88.584901922,50.804,49.846,48.69,50.804,2.113,-1.916,FAST,False,False,False,0.7735,4.5147,4.223,0.0967,0.7261,True,MOVING_MOTION_EVENT
227,72.csv,16.59,24.59,8.0,Bump,24.402774388,88.582766196,54.57,54.903,52.899,57.209,4.31,1.895,FAST,False,False,False,1.4191,10.6854,10.4819,0.1911,1.4561,True,MOVING_MOTION_EVENT
228,73.csv,4.59,20.09,15.5,Bump,24.42335759,88.56633656000001,16.754,16.038,7.74,19.601,11.861,2.45,SLOW,False,False,False,1.0215,7.3502,7.2645,0.1288,1.1286,True,MOVING_MOTION_EVENT
229,73.csv,24.59,28.09,3.5,Bump,24.42377327,88.56603636,10.023,10.667,10.02,12.345,2.324,-1.29,VERY_SLOW,False,False,False,0.78,4.4881,4.2735,0.0852,0.5185,True,MOVING_MOTION_EVENT
230,73.csv,38.09,39.09,1.0,UNKNOWN,24.42392453690476,88.56607596190476,5.808,5.056,2.543,5.808,3.265,1.504,VERY_SLOW,True,False,False,0.9103,4.1099,3.8713,0.0917,0.4507,True,MOVING_MOTION_EVENT
231,73.csv,41.59,43.59,2.0,Pothole,24.424016815,88.56605204,15.344,14.86,12.747,17.401,4.655,2.408,SLOW,False,False,False,1.0746,5.436,5.2504,0.1343,0.7924,True,MOVING_MOTION_EVENT
232,74.csv,0.09,7.59,7.5,Bump,24.44531216,88.55742176,31.655,30.285,0.0,135.662,135.662,-11.582,MOVING,True,True,False,1.382,8.0215,7.7875,0.1483,1.0572,True,DECELERATION
233,74.csv,9.59,11.09,1.5,Bump,24.44548539,88.55710298,19.427,20.57,19.427,22.065,2.638,-2.286,SLOW,False,False,False,0.8901,4.7822,4.4608,0.0842,0.413,True,MOVING_MOTION_EVENT
234,74.csv,15.09,18.09,3.0,Bump,24.445477845,88.556899825,17.078,16.661,10.647,21.334,10.687,3.926,SLOW,False,False,False,0.925,5.2113,5.1576,0.1362,0.8072,True,MOVING_MOTION_EVENT
235,76.csv,1.09,2.59,1.4999999999999998,UNKNOWN,24.45360852156863,88.53661259019609,35.8,31.232,26.413,35.8,9.387,-9.137,MOVING,False,False,False,0.8778,4.7414,4.4814,0.083,0.5142,True,MOVING_MOTION_EVENT
236,76.csv,5.09,11.59,6.5,Bump,24.454082136,88.536705656,32.609,32.292,29.778,36.442,6.664,4.001,MOVING,False,False,False,1.0036,6.933,6.6497,0.1214,0.7742,True,MOVING_MOTION_EVENT
237,76.csv,15.59,18.09,2.5,Bump,24.454891232,88.53683388399999,42.774,38.657,0.0,44.05,44.05,-10.235,MOVING,True,True,False,1.1858,6.1205,5.837,0.1112,0.6252,True,DECELERATION
238,77.csv,4.59,11.59,7.0,Bump,24.463154078,88.532762176,20.104,20.427,7.242,27.334,20.092,5.074,SLOW,False,False,False,1.1624,8.4574,8.3521,0.1224,0.9152,True,MOVING_MOTION_EVENT
239,77.csv,13.09,17.09,4.0,Bump,24.463508114,88.532950836,18.001,18.652,9.941,25.83,15.889,-0.175,SLOW,False,False,False,1.9461,13.4072,12.9751,0.2959,2.0807,True,MOVING_MOTION_EVENT
240,77.csv,19.59,23.59,4.0,Bump,24.463881416,88.533017016,30.332,30.203,25.925,34.895,8.97,4.364,MOVING,False,False,False,0.8569,5.1085,4.9984,0.1196,1.0412,True,MOVING_MOTION_EVENT
241,77.csv,26.09,27.59,1.5,UNKNOWN,24.46434954,88.53302170399999,41.632,41.539,38.545,42.445,3.899,0.966,MOVING,False,False,False,0.8332,4.1543,3.9636,0.0836,0.4148,True,MOVING_MOTION_EVENT
242,79.csv,0.09,2.59,2.5,UNKNOWN,24.365182931578943,88.66719730000001,28.615,22.929,0.0,38.935,38.935,12.218,SLOW,True,False,True,0.8927,5.4788,5.3382,0.1582,0.963,True,ACCELERATION
243,79.csv,8.59,9.59,1.0,Bump,24.365180771,88.667830101,30.54,30.52,30.451,30.54,0.089,-0.041,MOVING,False,False,False,0.7454,3.7343,3.4969,0.0874,0.4121,True,MOVING_MOTION_EVENT
244,8.csv,12.59,16.09,3.5,Bump,24.376608808,88.548586976,12.248,12.709,11.549,14.442,2.893,1.617,VERY_SLOW,False,False,False,0.9332,5.4492,5.3336,0.1176,0.6896,True,MOVING_MOTION_EVENT
245,8.csv,19.09,22.09,3.0,Bump,24.376513058,88.548309276,21.051,20.896,20.212,21.258,1.045,-0.11,SLOW,False,False,False,1.0041,5.4783,5.2656,0.1362,0.8706,True,MOVING_MOTION_EVENT
246,8.csv,28.09,29.59,1.5,Bump,24.376375112,88.54791460999999,16.362,16.307,15.63,17.809,2.18,0.612,SLOW,False,False,False,0.7432,3.9665,3.7886,0.0952,0.4628,True,MOVING_MOTION_EVENT
247,8.csv,31.59,33.09,1.5000000000000036,Bump,24.376316184615384,88.54776139230769,18.21,17.73,13.28,18.21,4.93,0.224,SLOW,False,False,False,1.0038,6.8408,6.3755,0.0984,0.4892,True,MOVING_MOTION_EVENT
248,8.csv,36.09,46.09,10.0,Bump,24.376117977,88.547271337,22.838,22.401,17.929,25.677,7.748,-3.788,SLOW,False,False,False,1.5646,10.9035,10.6499,0.2009,1.4799,True,MOVING_MOTION_EVENT
249,8.csv,50.09,54.09,4.0,UNKNOWN,24.375889981,88.546706085,20.292,20.564,19.084,22.042,2.958,-1.556,SLOW,False,False,False,1.7692,12.7949,12.4935,0.2884,2.2202,True,MOVING_MOTION_EVENT
250,8.csv,56.59,60.09,3.5,UNKNOWN,24.375777464,88.54640748,19.147,18.607,17.384,19.302,1.918,-0.012,SLOW,False,False,False,1.1497,6.1681,5.9526,0.1828,0.9539,True,MOVING_MOTION_EVENT
251,8.csv,73.09,77.59,4.5,Bump,24.375547536,88.545790812,11.293,12.021,6.69,17.871,11.181,5.976,VERY_SLOW,False,False,False,0.9868,6.0002,5.9366,0.0963,0.7198,True,MOVING_MOTION_EVENT
252,8.csv,79.59,92.59,13.0,Bump,24.375330368,88.545249073,24.729,23.966,19.332,27.7,8.367,3.83,SLOW,False,False,False,1.0256,8.2527,8.1769,0.1228,0.9122,True,MOVING_MOTION_EVENT
253,8.csv,94.09,96.59,2.5,Bump,24.37510362,88.544639304,25.618,24.557,20.229,26.888,6.659,-2.874,SLOW,False,False,False,0.8959,5.2678,5.0289,0.1045,0.5506,True,MOVING_MOTION_EVENT
254,8.csv,99.09,100.59,1.5,Bump,24.37500639,88.544408162,19.147,19.102,18.101,19.334,1.232,-0.273,SLOW,False,False,False,0.7761,4.7421,4.5297,0.0882,0.6091,True,MOVING_MOTION_EVENT
255,80.csv,2.59,8.09,5.5,"Bump,Pothole",24.46857038421053,88.53229158842105,7.635,9.504,7.011,17.616,10.605,-4.58,VERY_SLOW,False,False,False,1.2626,9.1499,8.9549,0.1838,0.991,True,MOVING_MOTION_EVENT
256,81.csv,6.09,19.59,13.5,Bump,24.461381218,88.6134459,10.455,9.787,5.282,12.931,7.648,-0.734,VERY_SLOW,False,False,False,0.8992,6.2362,6.1189,0.1089,0.7174,True,MOVING_MOTION_EVENT
257,82.csv,5.59,7.09,1.5,Bump,24.36563131609196,88.83729145287357,11.481,13.114,8.693,16.84,8.147,-3.266,VERY_SLOW,False,False,False,1.8537,9.1201,8.585,0.0836,0.4617,True,MOVING_MOTION_EVENT
258,83.csv,0.1,1.1,1.0,UNKNOWN,24.37039,88.7228662,0.0,1.065,0.0,4.629,4.629,2.129,STOPPED,True,False,False,0.7486,3.4798,3.203,0.0963,0.5707,True,STOPPED
259,83.csv,6.6,10.6,4.0,Bump,24.370515268,88.722747078,12.056,12.857,9.287,16.206,6.919,3.542,VERY_SLOW,False,False,False,1.0566,6.9945,6.7905,0.116,0.8543,True,MOVING_MOTION_EVENT
260,83.csv,14.6,18.6,4.000000000000002,UNKNOWN,24.37086595,88.72244678199999,30.936,31.41,26.316,34.64,8.324,4.468,MOVING,False,False,False,0.9295,5.9812,5.9033,0.1084,0.7244,True,MOVING_MOTION_EVENT
261,84.csv,0.59,22.09,21.5,Bump,24.39625498,88.57397532,57.501,57.052,51.954,59.31,7.356,-1.866,FAST,False,False,False,1.3303,9.9096,9.6877,0.1528,1.3268,True,MOVING_MOTION_EVENT
262,85.csv,1.59,3.59,1.9999999999999998,Bump,24.363168374,88.62887202,14.611,15.007,12.068,19.162,7.094,-3.487,VERY_SLOW,False,False,False,1.0552,5.4812,5.2567,0.1716,0.939,True,MOVING_MOTION_EVENT
263,85.csv,7.59,8.59,1.0,Bump,24.363045137,88.628915292,9.149,8.973,8.774,9.149,0.376,0.353,VERY_SLOW,False,False,False,0.7955,3.6171,3.2951,0.0987,0.3967,True,MOVING_MOTION_EVENT
264,86.csv,10.59,16.59,6.0,Pothole,24.363518412,88.629159456,12.505,12.411,10.811,13.303,2.493,0.334,VERY_SLOW,False,False,False,0.8138,4.8292,4.6954,0.0823,0.6069,True,MOVING_MOTION_EVENT
265,86.csv,19.59,21.09,1.5,Pothole,24.363442069,88.628933645,14.058,13.063,11.651,14.058,2.407,-1.99,VERY_SLOW,False,False,False,0.8194,3.5075,3.2217,0.0839,0.4452,True,MOVING_MOTION_EVENT
266,88.csv,4.09,6.09,2.0,Bump,24.521658108,88.619961576,49.075,48.872,48.571,49.778,1.207,0.52,MOVING,False,False,False,0.8396,5.4172,5.2709,0.1312,0.8295,True,MOVING_MOTION_EVENT
267,88.csv,10.09,17.09,7.0,UNKNOWN,24.520989878,88.62089354,49.701,49.253,33.209,52.577,19.368,-4.746,MOVING,False,False,False,0.8822,5.0233,4.7395,0.0976,0.5213,True,MOVING_MOTION_EVENT
268,88.csv,38.09,39.59,1.5,UNKNOWN,24.51938626,88.621819438,39.423,39.541,39.423,39.726,0.303,0.234,MOVING,False,False,False,0.7312,4.2358,3.8334,0.0952,0.4815,True,MOVING_MOTION_EVENT
269,88.csv,59.59,61.09,1.5,UNKNOWN,24.51773621,88.623607129,48.727,48.373,47.438,48.858,1.419,0.736,MOVING,False,False,False,0.7841,4.3163,4.0737,0.0914,0.5935,True,MOVING_MOTION_EVENT
270,88.csv,62.59,64.09,1.5,UNKNOWN,24.517417861,88.623805262,50.554,49.843,48.325,50.554,2.229,1.074,FAST,False,False,False,0.7101,4.2245,4.0719,0.1104,0.5745,True,MOVING_MOTION_EVENT
271,88.csv,81.09,82.09,1.0,UNKNOWN,24.516268,88.624844498,30.399,30.328,29.511,30.399,0.888,-0.142,MOVING,False,False,False,0.7955,4.2702,3.5858,0.0861,0.4044,True,MOVING_MOTION_EVENT
272,88.csv,83.59,87.59,4.0,UNKNOWN,24.51605952,88.62503917,30.501,30.593,27.319,33.598,6.28,1.338,MOVING,False,False,False,0.805,4.5027,4.3358,0.1196,0.7482,True,MOVING_MOTION_EVENT
273,88.csv,91.09,92.59,1.5,UNKNOWN,24.515878602,88.625591149,35.095,33.023,29.736,35.095,5.359,-4.145,MOVING,False,False,False,0.7755,4.695,4.3258,0.0795,0.4176,True,MOVING_MOTION_EVENT
274,88.csv,101.59,103.59,2.0,UNKNOWN,24.515893766,88.626363748,30.161,30.213,27.907,31.973,4.065,1.997,MOVING,False,False,False,0.8167,4.6236,4.4552,0.1303,0.6711,True,MOVING_MOTION_EVENT
275,88.csv,108.59,110.09,1.5,UNKNOWN,24.5157199,88.62701498999999,40.788,40.84,40.615,41.007,0.392,-0.141,MOVING,False,False,False,0.742,4.2728,4.0612,0.0866,0.4731,True,MOVING_MOTION_EVENT
276,88.csv,131.09,132.59,1.5,UNKNOWN,24.514900006,88.62952164,41.279,42.115,41.279,43.441,2.162,1.672,MOVING,False,False,False,0.7705,4.0809,3.7536,0.101,0.6663,True,MOVING_MOTION_EVENT
277,88.csv,142.59,144.59,2.0,UNKNOWN,24.514535262,88.630829482,43.585,43.331,41.881,43.941,2.06,0.922,MOVING,False,False,False,0.8075,5.308,4.9015,0.1241,0.7065,True,MOVING_MOTION_EVENT
278,89.csv,0.59,4.59,4.0,Pothole,24.531802501,88.583766041,27.8,29.89,0.0,87.514,87.514,-8.502,SLOW,True,False,False,1.1473,6.0811,5.737,0.1847,0.9477,True,MOVING_MOTION_EVENT
279,89.csv,6.09,126.59,120.5,"Bump,Pothole",24.530767104,88.589736974,37.219,34.389,3.137,45.664,42.527,-2.604,MOVING,False,False,False,1.8465,21.486,21.4534,0.2824,3.1686,True,MOVING_MOTION_EVENT
280,89.csv,129.09,132.59,3.5,Pothole,24.530156924,88.595419868,27.43,27.782,25.676,29.897,4.221,2.529,SLOW,False,False,False,0.8339,5.0568,4.7536,0.1416,1.1279,True,MOVING_MOTION_EVENT
281,89.csv,134.09,184.59,50.5,"Bump,Pothole",24.529632988,88.59765498,36.592,35.212,20.958,46.142,25.185,10.772,MOVING,False,False,True,1.2478,13.4582,13.3515,0.1768,1.6782,True,ACCELERATION
282,89.csv,186.09,189.59,3.5,UNKNOWN,24.529233144,88.600713272,40.42,38.666,33.889,40.871,6.981,-3.976,MOVING,False,False,False,0.7476,4.4924,4.3997,0.1047,0.5344,True,MOVING_MOTION_EVENT
283,89.csv,213.59,217.59,4.0,UNKNOWN,24.529061649,88.601888724,22.767,22.8,22.23,23.434,1.204,-0.253,SLOW,False,False,False,1.5913,10.382,10.228,0.1541,1.0657,True,MOVING_MOTION_EVENT
284,89.csv,220.09,232.59,12.5,Bump,24.528934924,88.60269076200001,31.985,31.684,27.869,35.038,7.169,2.492,MOVING,False,False,False,1.1935,9.9146,9.7454,0.1971,1.4499,True,MOVING_MOTION_EVENT
285,89.csv,234.09,236.09,2.0,Bump,24.528867616,88.603478107,34.253,34.305,33.978,35.684,1.706,-0.347,MOVING,False,False,False,1.0465,6.5819,6.3148,0.1697,1.0494,True,MOVING_MOTION_EVENT
286,90.csv,2.09,3.09,1.0,Bump,24.53777591832061,88.57222630916031,13.816,13.816,13.816,13.816,0.0,0.0,VERY_SLOW,False,False,False,0.8907,4.5835,4.3912,0.0823,0.4618,True,MOVING_MOTION_EVENT
287,90.csv,5.09,6.59,1.5,Bump,24.537759304761902,88.57234946666667,10.403,11.647,9.718,13.496,3.778,-2.69,VERY_SLOW,False,False,False,0.9662,6.6417,6.3784,0.1298,0.744,True,MOVING_MOTION_EVENT
288,90.csv,8.59,11.09,2.5,Bump,24.53772368,88.57246804,11.322,12.116,10.617,13.459,2.842,-1.983,VERY_SLOW,False,False,False,1.0529,6.7098,6.5569,0.1922,1.0667,True,MOVING_MOTION_EVENT
289,90.csv,43.59,45.09,1.5,Bump,24.53734414,88.57395432,28.203,27.706,26.334,28.203,1.869,-0.247,SLOW,False,False,False,0.7335,4.3558,4.0877,0.1072,0.6488,True,MOVING_MOTION_EVENT
290,90.csv,48.09,59.59,11.5,UNKNOWN,24.53721544,88.57458754,24.625,24.664,17.5,28.25,10.75,0.062,SLOW,False,False,False,1.1855,8.6726,8.5401,0.1593,1.0398,True,MOVING_MOTION_EVENT
291,90.csv,82.09,163.09,81.0,"Bump,Pothole",24.53409837,88.575862305,28.877,27.813,7.697,40.335,32.638,-3.86,SLOW,False,False,False,1.3663,13.4645,13.3715,0.1916,1.94,True,MOVING_MOTION_EVENT
292,90.csv,170.09,180.59,10.5,Bump,24.532885,88.57851542,14.712,15.29,7.005,21.194,14.19,-3.572,VERY_SLOW,False,False,False,0.9893,7.0842,6.9957,0.1126,0.7857,True,MOVING_MOTION_EVENT
293,90.csv,182.09,199.09,17.0,Bump,24.532939552,88.579068,17.483,16.908,10.725,22.603,11.877,7.015,SLOW,False,False,False,1.3997,7.9604,7.7409,0.1848,1.3155,True,MOVING_MOTION_EVENT
294,90.csv,203.59,204.59,1.0,Pothole,24.532775445,88.57963929,9.194,9.318,9.194,10.017,0.822,-0.247,VERY_SLOW,False,False,False,0.7756,3.5665,3.0695,0.0902,0.4731,True,MOVING_MOTION_EVENT
295,90.csv,206.59,227.59,21.0,"Bump,Pothole",24.53292536,88.580182685,19.858,19.784,3.878,25.51,21.631,1.876,SLOW,False,False,False,1.1965,10.9149,10.8575,0.1598,1.252,True,MOVING_MOTION_EVENT
296,90.csv,230.09,243.09,13.0,UNKNOWN,24.53256717,88.58130037000001,25.648,24.069,4.973,29.732,24.759,-4.283,SLOW,False,False,False,1.5334,9.6906,9.4078,0.226,1.546,True,MOVING_MOTION_EVENT
297,90.csv,255.09,257.09,1.9999999999999716,Pothole,24.531919065,88.58153472,17.001,17.143,11.838,20.219,8.381,-3.899,SLOW,False,False,False,0.9791,4.6417,4.5055,0.1085,0.5891,True,MOVING_MOTION_EVENT
298,90.csv,259.09,261.59,2.5,Pothole,24.531890558,88.58165398,8.113,8.275,7.26,9.242,1.981,-0.761,VERY_SLOW,False,False,False,1.2155,8.2024,7.8965,0.0824,0.564,True,MOVING_MOTION_EVENT
299,90.csv,283.09,284.59,1.5,Pothole,24.53189035,88.58175629,6.546,7.499,6.546,8.746,2.2,-1.906,VERY_SLOW,False,False,False,0.9308,4.8435,4.658,0.088,0.5705,True,MOVING_MOTION_EVENT
300,90.csv,290.09,291.09,1.0,Pothole,24.53187731,88.58186421500001,8.166,8.36,8.166,8.72,0.555,0.388,VERY_SLOW,False,False,False,0.987,5.7951,5.3786,0.084,0.4909,True,MOVING_MOTION_EVENT
301,90.csv,292.59,294.09,1.5,Pothole,24.53187262,88.58192476,8.662,8.681,7.63,9.187,1.556,0.451,VERY_SLOW,False,False,False,1.208,5.3351,5.1055,0.1016,0.3807,True,MOVING_MOTION_EVENT
302,90.csv,299.09,316.59,17.5,"Bump,Pothole",24.53153094,88.58270365999999,30.995,30.051,23.481,34.159,10.678,5.042,MOVING,False,False,False,1.4579,11.3695,11.2759,0.2003,1.9127,True,MOVING_MOTION_EVENT
303,91.csv,2.59,8.09,5.5,Bump,24.521146079,88.55995184400001,46.403,44.296,37.723,48.211,10.488,-5.497,MOVING,False,False,False,0.8643,5.3137,5.0305,0.1275,0.72,True,MOVING_MOTION_EVENT
304,91.csv,14.09,17.09,3.0,Bump,24.521868318000003,88.559960546,10.314,11.447,10.237,15.252,5.015,-2.362,VERY_SLOW,False,False,False,1.1929,6.4762,6.2008,0.1566,1.0262,True,MOVING_MOTION_EVENT
305,91.csv,22.59,23.59,1.0,Bump,24.521999908,88.55996922,7.76,7.875,7.76,9.667,1.907,0.229,VERY_SLOW,False,False,False,0.8039,3.4965,3.227,0.1548,0.5956,True,MOVING_MOTION_EVENT
306,91.csv,35.59,39.59,4.0,Bump,24.52275945,88.56005721,33.17,32.607,30.217,36.723,6.506,2.92,MOVING,False,False,False,0.8695,5.2263,5.0236,0.1019,0.5978,True,MOVING_MOTION_EVENT
307,91.csv,44.09,80.59,36.5,Bump,24.525301277,88.560343901,45.216,46.124,38.68,52.909,14.229,6.186,MOVING,False,False,False,1.4425,13.6701,13.5169,0.213,2.1605,True,MOVING_MOTION_EVENT
308,91.csv,82.09,87.09,5.0,Bump,24.527637892,88.56155021400001,26.895,26.107,10.315,38.228,27.913,-11.406,SLOW,False,True,False,0.9538,5.4754,5.2542,0.1022,0.6619,True,DECELERATION
309,91.csv,109.09,137.59,28.5,Bump,24.529831971,88.563366802,54.614,51.668,33.105,57.897,24.792,10.168,FAST,False,False,True,0.9663,7.2171,7.0666,0.1566,1.1219,True,ACCELERATION
310,91.csv,139.59,143.59,4.0,Bump,24.531461218,88.565553464,53.984,54.495,53.044,55.366,2.322,-1.19,FAST,False,False,False,1.4542,8.4095,8.1018,0.1914,1.3622,True,MOVING_MOTION_EVENT
311,91.csv,147.59,151.09,3.5,Bump,24.532084841,88.56641479,49.402,49.371,48.707,50.036,1.329,-0.649,MOVING,False,False,False,0.8069,4.2583,4.0927,0.1339,0.8211,True,MOVING_MOTION_EVENT
312,91.csv,152.59,156.59,4.0,Bump,24.532468754,88.567000412,51.568,51.517,50.419,52.836,2.416,1.356,FAST,False,False,False,1.4785,10.9547,10.6648,0.2376,1.8761,True,MOVING_MOTION_EVENT
313,91.csv,161.09,163.59,2.5,Pothole,24.533096557,88.56792572799999,56.444,56.668,55.794,57.264,1.47,0.735,FAST,False,False,False,1.2469,6.6042,6.4932,0.1948,1.1883,True,MOVING_MOTION_EVENT
314,91.csv,165.09,169.59,4.5,Pothole,24.533528882,88.568515025,52.546,52.195,49.919,54.826,4.908,-3.528,FAST,False,False,False,1.209,8.8379,8.5475,0.1752,1.1766,True,MOVING_MOTION_EVENT
315,91.csv,171.59,175.59,4.0,Pothole,24.533994884,88.569197352,39.558,42.065,34.143,49.614,15.471,-10.052,MOVING,False,True,False,0.8742,4.5924,4.4545,0.1113,0.7316,True,DECELERATION
316,91.csv,177.59,179.09,1.5,UNKNOWN,24.534223541,88.569571155,31.06,32.252,31.06,34.252,3.191,2.383,MOVING,False,False,False,0.8668,4.6222,4.5181,0.0872,0.4778,True,MOVING_MOTION_EVENT
317,91.csv,186.59,189.59,3.0,Pothole,24.534617508,88.57046636,41.684,41.182,38.971,43.231,4.26,2.398,MOVING,False,False,False,0.8995,5.3654,5.0331,0.1159,0.7377,True,MOVING_MOTION_EVENT
318,91.csv,191.59,193.59,2.0,Pothole,24.534911262,88.570880292,44.652,44.16,43.492,46.414,2.922,1.196,MOVING,False,False,False,0.7698,3.8179,3.6593,0.0973,0.5385,True,MOVING_MOTION_EVENT
319,91.csv,195.09,197.59,2.5,Pothole,24.535299825,88.57110737400001,48.517,48.827,48.19,50.009,1.819,-0.225,MOVING,False,False,False,0.8231,4.5014,4.3849,0.127,0.7189,True,MOVING_MOTION_EVENT
320,92.csv,1.09,3.09,1.9999999999999998,UNKNOWN,24.51426185,88.631950102,54.92,57.715,52.389,78.584,26.195,-9.082,FAST,False,False,False,0.8666,4.8399,4.5517,0.137,0.8563,True,MOVING_MOTION_EVENT
321,92.csv,8.09,9.09,1.0,UNKNOWN,24.514028277,88.632887605,56.952,56.657,56.002,56.952,0.95,0.589,FAST,False,False,False,0.7464,3.5413,3.1701,0.0806,0.4194,True,MOVING_MOTION_EVENT
322,92.csv,11.09,18.59,7.5,Bump,24.513767484,88.633828432,56.325,56.241,54.791,57.51,2.719,-2.063,FAST,False,False,False,0.815,5.7633,5.6667,0.1243,0.8243,True,MOVING_MOTION_EVENT
323,92.csv,20.09,21.59,1.5,UNKNOWN,24.513531884,88.63469961599999,54.676,54.677,53.914,55.151,1.237,-0.389,FAST,False,False,False,0.8025,4.9438,4.5307,0.1499,0.7428,True,MOVING_MOTION_EVENT
324,92.csv,25.09,27.09,2.0,UNKNOWN,24.513368031,88.635428244,43.581,42.117,35.941,51.139,15.198,-7.615,MOVING,False,False,False,0.9632,5.6792,5.3155,0.1113,0.5806,True,MOVING_MOTION_EVENT
325,92.csv,43.59,49.59,6.0,UNKNOWN,24.512772608,88.63579267200001,34.812,33.42,27.23,40.512,13.282,6.241,MOVING,False,False,False,0.8394,5.3738,5.2192,0.111,0.8562,True,MOVING_MOTION_EVENT
326,92.csv,54.59,56.09,1.5,UNKNOWN,24.512099496,88.635119712,47.76,48.172,47.76,48.656,0.896,0.824,MOVING,False,False,False,0.7798,3.8294,3.6185,0.0947,0.4739,True,MOVING_MOTION_EVENT
327,92.csv,57.59,63.09,5.5,UNKNOWN,24.51166073,88.63461384200001,52.887,53.458,51.193,55.462,4.269,2.452,FAST,False,False,False,0.753,4.7511,4.5284,0.0945,0.5612,True,MOVING_MOTION_EVENT
328,92.csv,64.59,67.59,3.0,UNKNOWN,24.511178192,88.633914073,56.998,56.212,51.592,57.384,5.792,-1.928,FAST,False,False,False,0.7399,4.0621,3.6974,0.099,0.5405,True,MOVING_MOTION_EVENT
329,92.csv,69.09,70.09,1.0,UNKNOWN,24.510910662,88.633508438,48.878,48.77,48.531,48.878,0.347,0.215,MOVING,False,False,False,0.7959,4.4162,3.9651,0.1004,0.4899,True,MOVING_MOTION_EVENT
330,92.csv,71.59,72.59,1.0,UNKNOWN,24.510732747,88.633229113,50.432,50.489,50.432,50.732,0.299,0.114,FAST,False,False,False,0.743,3.8402,3.6264,0.1053,0.5134,True,MOVING_MOTION_EVENT
331,92.csv,76.59,78.59,2.0,UNKNOWN,24.51031061,88.63260031,54.714,53.912,52.435,55.989,3.554,2.088,FAST,False,False,False,0.8266,4.9008,4.8187,0.1044,0.5739,True,MOVING_MOTION_EVENT
332,92.csv,80.59,83.59,3.0,UNKNOWN,24.509944796,88.632038584,57.019,57.139,55.669,58.204,2.535,0.763,FAST,False,False,False,0.8079,5.4434,5.1755,0.1105,0.9262,True,MOVING_MOTION_EVENT
333,92.csv,85.59,96.59,11.0,UNKNOWN,24.509205402,88.630886109,56.933,56.672,51.748,60.384,8.636,-0.859,FAST,False,False,False,0.8059,4.622,4.4427,0.097,0.542,True,MOVING_MOTION_EVENT
334,92.csv,98.09,99.09,1.0,UNKNOWN,24.508619161,88.629946271,53.472,53.476,53.472,53.485,0.013,-0.008,FAST,False,False,False,0.7857,3.7812,3.5541,0.1081,0.6651,True,MOVING_MOTION_EVENT
335,92.csv,101.09,103.09,2.0,UNKNOWN,24.508336133,88.62953026,54.14,54.185,54.073,54.498,0.424,-0.039,FAST,False,False,False,0.8563,5.6913,5.4997,0.1044,0.6019,True,MOVING_MOTION_EVENT
336,92.csv,106.09,109.59,3.5,UNKNOWN,24.50788204,88.62882486400001,54.051,54.171,53.328,55.741,2.413,-0.345,FAST,False,False,False,0.7862,4.5925,4.3843,0.0966,0.5629,True,MOVING_MOTION_EVENT
337,93.csv,0.09,3.59,3.5,Bump,24.508888618,88.56583348,19.57,17.975,0.0,33.019,33.019,5.162,SLOW,True,False,False,1.3152,7.3583,7.1605,0.1322,0.9012,True,MOVING_MOTION_EVENT
338,93.csv,14.59,41.09,26.500000000000004,Bump,24.510702936,88.56425033,39.158,39.974,35.149,45.145,9.996,-4.71,MOVING,False,False,False,1.0455,8.3184,8.1452,0.1335,1.0269,True,MOVING_MOTION_EVENT
339,93.csv,43.09,45.59,2.5,Bump,24.511872516,88.56318054799999,34.11,34.044,33.705,34.506,0.801,-0.016,MOVING,False,False,False,0.8566,8.8893,8.7943,0.1081,0.6061,True,MOVING_MOTION_EVENT
340,93.csv,48.09,52.09,4.0,Bump,24.512180462,88.56277962499999,32.682,32.806,32.097,33.674,1.577,-0.298,MOVING,False,False,False,1.0768,6.1005,6.0855,0.1716,1.2077,True,MOVING_MOTION_EVENT
341,93.csv,55.59,58.59,3.0,Bump,24.512647092,88.562549018,22.694,21.499,14.432,28.796,14.365,-8.818,SLOW,False,False,False,1.9827,13.3721,13.0828,0.2032,1.2834,True,MOVING_MOTION_EVENT
342,93.csv,62.59,67.09,4.5,Bump,24.51288053548387,88.56248750967741,18.023,16.643,12.11,18.355,6.245,3.21,SLOW,False,False,False,1.8265,12.2481,12.0344,0.2318,1.7988,True,MOVING_MOTION_EVENT
343,93.csv,70.09,71.59,1.5,Bump,24.513144554,88.562350476,19.229,19.377,16.038,22.304,6.266,-2.082,SLOW,False,False,False,0.7548,4.7627,4.6236,0.1312,0.7879,True,MOVING_MOTION_EVENT
344,93.csv,104.09,106.09,2.0,Bump,24.514084969,88.560410862,31.418,31.431,30.912,31.662,0.75,0.32,MOVING,False,False,False,0.9176,4.8188,4.6399,0.1259,0.7256,True,MOVING_MOTION_EVENT
345,93.csv,118.59,120.59,2.0,Bump,24.515079219,88.55989003500001,35.089,35.109,34.945,35.427,0.482,-0.127,MOVING,False,False,False,0.8719,4.4766,4.0691,0.1081,0.6155,True,MOVING_MOTION_EVENT
346,93.csv,124.09,125.59,1.5,Bump,24.5155677,88.559786636,40.587,40.201,39.249,40.587,1.338,0.261,MOVING,False,False,False,1.8941,9.0414,8.8503,0.2901,1.4054,True,MOVING_MOTION_EVENT
347,93.csv,130.09,132.09,2.0,Bump,24.516208289,88.559766516,42.989,43.211,42.727,43.721,0.994,0.596,MOVING,False,False,False,0.7616,4.0051,3.8666,0.0938,0.5174,True,MOVING_MOTION_EVENT
348,93.csv,137.09,140.59,3.5,Bump,24.517069266,88.559935024,46.59,46.566,45.8,46.933,1.133,-0.466,MOVING,False,False,False,0.9104,6.0275,5.8909,0.1336,0.7968,True,MOVING_MOTION_EVENT
349,93.csv,142.59,144.59,2.0,Bump,24.517600029,88.560034042,45.859,45.372,44.46,46.025,1.566,1.167,MOVING,False,False,False,1.8655,10.13,9.8751,0.3002,1.7476,True,MOVING_MOTION_EVENT
350,93.csv,147.59,149.09,1.5,Bump,24.518147188,88.559950372,46.833,46.561,46.258,46.833,0.574,-0.544,MOVING,False,False,False,0.97,6.2614,6.0699,0.1465,0.7485,True,MOVING_MOTION_EVENT
351,93.csv,156.59,160.09,3.5,Bump,24.51937306,88.559851572,50.462,50.912,49.885,52.005,2.12,1.421,FAST,False,False,False,1.0253,5.8926,5.7601,0.1618,0.9837,True,MOVING_MOTION_EVENT
352,93.csv,162.09,163.59,1.5,Bump,24.519949248,88.559898146,51.851,51.957,51.154,53.572,2.418,0.751,FAST,False,False,False,0.7866,3.7324,3.6744,0.104,0.6323,True,MOVING_MOTION_EVENT
353,94.csv,1.59,12.09,10.5,Pothole,24.502801691,88.571100681,15.97,16.754,9.773,32.026,22.253,0.763,SLOW,False,False,False,1.6351,9.4816,9.3574,0.2212,1.3668,True,MOVING_MOTION_EVENT
354,94.csv,17.09,23.09,6.0,Bump,24.50331487,88.570667188,13.021,13.604,6.063,21.793,15.73,-3.535,VERY_SLOW,False,False,False,1.2751,10.5586,10.3328,0.155,1.4526,True,MOVING_MOTION_EVENT
355,94.csv,29.09,30.59,1.5,Bump,24.503680525,88.570347504,26.607,26.495,26.284,26.607,0.324,-0.224,SLOW,False,False,False,0.8149,6.7694,6.6561,0.2297,1.9495,True,MOVING_MOTION_EVENT
356,94.csv,33.59,41.59,8.0,Bump,24.503985836,88.570069112,15.806,16.618,6.314,21.886,15.572,0.541,SLOW,False,False,False,1.4127,9.7766,9.6595,0.1833,1.2811,True,MOVING_MOTION_EVENT
357,94.csv,49.59,51.09,1.5,"Bump,Pothole",24.504607487,88.569542986,34.533,34.258,33.624,35.699,2.074,0.613,MOVING,False,False,False,0.8247,4.3862,4.1926,0.1099,0.5852,True,MOVING_MOTION_EVENT
358,94.csv,56.09,68.09,12.0,Pothole,24.50554041,88.56874775799999,45.347,44.313,40.165,48.474,8.309,2.748,MOVING,False,False,False,1.1502,12.2562,12.1387,0.1656,1.4897,True,MOVING_MOTION_EVENT
359,94.csv,70.59,72.59,2.0,Pothole,24.506405464,88.56799062,44.978,45.213,42.961,48.145,5.184,-2.569,MOVING,False,False,False,0.7567,4.182,3.9201,0.0881,0.5304,True,MOVING_MOTION_EVENT
360,95.csv,2.09,3.09,1.0,UNKNOWN,24.480283096,88.588001032,63.043,61.338,58.028,63.043,5.015,-3.41,FAST,False,False,False,0.7636,3.4823,3.158,0.1015,0.5184,True,MOVING_MOTION_EVENT
361,95.csv,4.59,10.09,5.5,UNKNOWN,24.480873611,88.587598903,58.781,58.614,57.793,59.001,1.208,0.246,FAST,False,False,False,0.7827,4.85,4.6229,0.119,0.6275,True,MOVING_MOTION_EVENT
362,95.csv,16.09,24.09,8.0,UNKNOWN,24.482481778,88.586560272,57.908,57.672,56.217,58.526,2.309,-0.962,FAST,False,False,False,0.7872,4.9579,4.8331,0.1266,0.7598,True,MOVING_MOTION_EVENT
363,95.csv,25.59,28.59,3.0,UNKNOWN,24.483306246,88.585981876,46.143,46.546,37.565,56.277,18.712,-10.414,MOVING,False,True,False,1.0313,5.8926,5.5468,0.1244,0.6445,True,DECELERATION
364,95.csv,31.59,34.59,3.0000000000000036,Pothole,24.483597392,88.585781274,6.405,7.128,5.903,11.317,5.414,1.068,VERY_SLOW,False,False,False,1.2178,6.7108,6.2335,0.1208,0.8406,True,MOVING_MOTION_EVENT
365,95.csv,49.59,54.09,4.5,Bump,24.484679389,88.58503867499999,27.535,29.362,25.975,38.993,13.018,-6.015,SLOW,False,False,False,1.5041,12.3321,12.1647,0.153,1.0051,True,MOVING_MOTION_EVENT
366,95.csv,71.09,76.09,5.0,Pothole,24.486371588,88.583635432,49.465,50.145,49.28,52.224,2.944,1.531,MOVING,False,False,False,0.9118,5.9332,5.7221,0.1392,1.0871,True,MOVING_MOTION_EVENT
367,95.csv,79.59,82.59,3.0,Pothole,24.487038918,88.58284483,53.807,53.673,53.322,53.877,0.555,0.009,FAST,False,False,False,0.8385,5.767,5.5424,0.106,0.6006,True,MOVING_MOTION_EVENT
368,95.csv,90.59,91.59,1.0,Pothole,24.48782474,88.581871894,36.958,37.34,36.958,39.346,2.387,-0.764,MOVING,False,False,False,0.7612,3.7958,3.308,0.081,0.4735,True,MOVING_MOTION_EVENT
369,95.csv,95.59,98.09,2.5,UNKNOWN,24.487896953,88.581538241,9.169,9.504,9.038,12.344,3.306,-0.147,VERY_SLOW,False,False,False,0.9618,5.1355,4.8787,0.1212,0.8929,True,MOVING_MOTION_EVENT
370,95.csv,145.59,148.59,3.0,Bump,24.488290506,88.579770852,10.292,10.273,9.183,10.431,1.248,0.012,VERY_SLOW,False,False,False,1.1102,5.2144,4.8898,0.1071,0.6257,True,MOVING_MOTION_EVENT
371,95.csv,150.09,164.59,14.5,UNKNOWN,24.488360126,88.579484911,11.982,12.475,8.261,17.782,9.521,3.443,VERY_SLOW,False,False,False,1.0596,6.4871,6.4278,0.1273,0.982,True,MOVING_MOTION_EVENT
372,95.csv,166.59,168.59,2.0,UNKNOWN,24.48856518,88.579156556,17.678,17.745,17.662,18.525,0.864,-0.11,SLOW,False,False,False,1.4222,7.4252,7.2547,0.1495,0.9499,True,MOVING_MOTION_EVENT
373,95.csv,170.09,173.09,3.0,Bump,24.48875556,88.579090672,22.079,22.514,20.838,24.198,3.36,1.963,SLOW,False,False,False,1.9667,8.909,8.6671,0.286,2.0184,True,MOVING_MOTION_EVENT
374,95.csv,198.09,201.09,3.0,UNKNOWN,24.4905621,88.57822832000001,38.864,39.11,38.159,40.218,2.059,1.111,MOVING,False,False,False,0.7985,4.6815,4.5114,0.089,0.675,True,MOVING_MOTION_EVENT
375,95.csv,207.09,210.09,3.0,UNKNOWN,24.49131704,88.577730912,38.972,39.869,38.458,41.439,2.981,2.246,MOVING,False,False,False,0.8234,5.5555,5.4141,0.1068,0.6091,True,MOVING_MOTION_EVENT
376,95.csv,218.59,220.09,1.5,Pothole,24.492270431,88.577188667,35.32,32.581,21.868,38.23,16.362,-6.719,MOVING,False,False,False,0.823,4.766,4.3825,0.0886,0.5302,True,MOVING_MOTION_EVENT
377,95.csv,228.59,235.59,7.0,Bump,24.492779484,88.576830314,13.844,13.333,4.561,17.945,13.384,-3.423,VERY_SLOW,False,False,False,1.2573,8.7905,8.7053,0.172,1.5194,True,MOVING_MOTION_EVENT
378,95.csv,237.09,241.09,4.0,UNKNOWN,24.492963646,88.576690668,20.968,18.593,12.987,21.526,8.539,4.977,SLOW,False,False,False,3.0847,20.7038,20.6816,0.34,2.1594,True,MOVING_MOTION_EVENT
379,96.csv,0.09,10.09,10.0,Bump,24.47377978,88.59236666,23.613,24.026,0.0,63.665,63.665,-0.266,SLOW,True,False,False,2.066,17.023,16.9023,0.2534,2.1777,True,MOVING_MOTION_EVENT
380,96.csv,14.09,15.59,1.5,Bump,24.47434118,88.59201054500001,27.551,27.928,17.184,31.558,14.374,-3.52,SLOW,False,False,False,0.9984,5.9577,5.5943,0.0883,0.4555,True,MOVING_MOTION_EVENT
381,96.csv,18.09,22.09,4.0,Pothole,24.47448754,88.59191178,14.566,13.676,8.174,17.25,9.076,4.788,VERY_SLOW,False,False,False,1.0805,6.0937,5.9457,0.1017,0.6992,True,MOVING_MOTION_EVENT
382,96.csv,23.59,41.59,18.000000000000004,Pothole,24.475028,88.59156494000001,20.998,22.401,8.253,31.468,23.216,2.6,SLOW,False,False,False,1.4059,10.0784,10.0072,0.1644,1.3433,True,MOVING_MOTION_EVENT
383,96.csv,50.09,55.09,5.0,Pothole,24.47612059,88.59080851,35.307,34.893,32.985,36.359,3.374,1.916,MOVING,False,False,False,1.1771,7.8948,7.629,0.1455,0.9183,True,MOVING_MOTION_EVENT
384,96.csv,59.59,64.59,5.0,Bump,24.47685524,88.59030284,31.006,28.743,15.922,38.455,22.533,-14.315,MOVING,False,True,False,1.8037,13.1282,12.855,0.274,2.1742,True,DECELERATION
385,96.csv,66.59,68.09,1.5,UNKNOWN,24.47703773,88.59016794,9.114,8.774,8.264,9.114,0.85,-0.68,VERY_SLOW,False,False,False,0.8457,5.7607,5.5993,0.0864,0.4527,True,MOVING_MOTION_EVENT
386,96.csv,69.59,78.59,9.0,UNKNOWN,24.47723268,88.59004996,12.548,13.091,8.666,16.578,7.912,-3.735,VERY_SLOW,False,False,False,0.9793,7.0002,6.8906,0.1101,0.8057,True,MOVING_MOTION_EVENT
387,96.csv,80.59,83.09,2.5,UNKNOWN,24.477464565,88.58990694500001,20.938,20.101,17.892,21.587,3.695,2.349,SLOW,False,False,False,0.8323,4.0117,3.7567,0.1025,0.5471,True,MOVING_MOTION_EVENT
388,96.csv,87.09,93.09,6.0,UNKNOWN,24.47795716,88.5895659,34.905,34.255,30.689,38.295,7.606,4.44,MOVING,False,False,False,1.4752,9.5962,9.4748,0.2239,1.538,True,MOVING_MOTION_EVENT
389,96.csv,97.09,99.09,2.0,UNKNOWN,24.478615,88.5891037,42.257,43.131,40.852,46.577,5.725,2.311,MOVING,False,False,False,0.8695,4.6028,4.2939,0.1281,0.7906,True,MOVING_MOTION_EVENT
390,97.csv,2.59,4.59,2.0,UNKNOWN,24.460521944,88.59637376399999,40.644,40.999,40.615,42.892,2.277,-0.689,MOVING,False,False,False,0.9947,5.7249,5.4542,0.1192,0.8074,True,MOVING_MOTION_EVENT
391,97.csv,6.59,10.59,4.0,Bump,24.461040704,88.596306528,43.408,43.558,42.445,45.119,2.674,1.355,MOVING,False,False,False,0.7697,4.8896,4.649,0.1053,0.6493,True,MOVING_MOTION_EVENT
392,97.csv,12.09,13.59,1.5,Bump,24.461515855,88.596274424,45.688,45.956,45.688,46.28,0.592,0.537,MOVING,False,False,False,1.008,5.0859,4.8258,0.1392,0.6515,True,MOVING_MOTION_EVENT
393,97.csv,20.09,24.59,4.5,UNKNOWN,24.462634706,88.596211716,45.827,44.392,35.988,47.919,11.931,-6.235,MOVING,False,False,False,0.8916,4.8791,4.7401,0.1201,0.704,True,MOVING_MOTION_EVENT
394,97.csv,28.09,35.59,7.5000000000000036,"Bump,Pothole",24.463308387,88.596165874,18.615,17.205,10.099,24.077,13.978,-9.509,SLOW,False,False,False,1.1914,7.5636,7.3234,0.1335,0.8741,True,MOVING_MOTION_EVENT
395,97.csv,38.09,39.09,1.0,Pothole,24.463492972881355,88.59614943050848,10.11,9.475,7.957,10.11,2.153,0.711,VERY_SLOW,False,False,False,0.833,3.9631,3.4912,0.0806,0.3668,True,MOVING_MOTION_EVENT
396,97.csv,48.09,53.09,5.0,Pothole,24.463886988,88.596122864,12.025,11.84,10.648,13.237,2.589,-0.676,VERY_SLOW,False,False,False,0.9106,5.6834,5.5007,0.0877,0.4758,True,MOVING_MOTION_EVENT
397,97.csv,63.09,66.09,3.0,Pothole,24.464228964,88.59611889199999,8.849,8.504,7.413,9.07,1.657,0.68,VERY_SLOW,False,False,False,0.9352,5.6118,5.5229,0.1327,0.8765,True,MOVING_MOTION_EVENT
398,97.csv,74.09,81.59,7.5,Pothole,24.464697832,88.596103566,22.14,21.912,14.763,25.544,10.781,0.337,SLOW,False,False,False,1.5654,13.1955,13.0371,0.2288,1.9715,True,MOVING_MOTION_EVENT
399,97.csv,85.59,90.59,5.0,Pothole,24.46508839,88.596061696,8.408,9.737,6.96,14.362,7.402,-3.907,VERY_SLOW,False,False,False,1.0688,8.7976,8.7136,0.1292,0.939,True,MOVING_MOTION_EVENT
400,97.csv,111.09,119.09,8.0,Pothole,24.465617416,88.59596326,10.034,9.939,8.557,12.561,4.005,0.128,VERY_SLOW,False,False,False,1.0253,6.2729,6.1885,0.091,0.6058,True,MOVING_MOTION_EVENT
401,97.csv,121.59,135.09,13.5,Pothole,24.466063692,88.59583424899999,15.363,15.22,5.928,23.849,17.921,-3.161,SLOW,False,False,False,1.3757,10.0151,9.8325,0.1753,1.3939,True,MOVING_MOTION_EVENT
402,97.csv,138.09,143.09,5.0,Pothole,24.466449552,88.595733596,16.013,15.855,13.291,17.216,3.925,1.355,SLOW,False,False,False,1.0439,6.6885,6.536,0.1346,0.8608,True,MOVING_MOTION_EVENT
403,97.csv,147.59,149.09,1.5,Pothole,24.466733626,88.59564335499999,7.306,7.865,5.63,10.871,5.241,-1.923,VERY_SLOW,False,False,False,0.8077,3.7778,3.636,0.0934,0.5913,True,MOVING_MOTION_EVENT
404,97.csv,153.09,154.59,1.5,Pothole,24.466834336,88.59560494,10.994,11.576,10.994,12.278,1.283,1.164,VERY_SLOW,False,False,False,0.8588,4.3875,4.0236,0.0932,0.5246,True,MOVING_MOTION_EVENT
405,97.csv,156.09,160.59,4.5,Pothole,24.467003143,88.59555974,17.508,18.52,16.637,23.694,7.057,2.95,SLOW,False,False,False,0.8776,5.4425,5.3459,0.1118,0.802,True,MOVING_MOTION_EVENT
406,97.csv,163.59,166.09,2.5,Pothole,24.467294532291668,88.59549294270833,13.09,11.229,5.086,17.13,12.044,-5.279,VERY_SLOW,False,False,False,1.0216,5.3959,5.2714,0.1146,0.7033,True,MOVING_MOTION_EVENT
407,97.csv,170.59,174.59,4.0,Pothole,24.467480592,88.595439084,14.131,14.741,10.37,18.169,7.798,3.802,VERY_SLOW,False,False,False,1.0409,5.6342,5.4552,0.1109,0.6658,True,MOVING_MOTION_EVENT
408,97.csv,177.09,193.09,16.0,Pothole,24.468047002,88.595276604,14.429,16.319,7.54,22.858,15.318,-4.298,VERY_SLOW,False,False,False,1.1964,7.3088,7.2721,0.1472,1.0195,True,MOVING_MOTION_EVENT
409,97.csv,202.09,208.09,6.0,Pothole,24.46863534,88.595125626,10.623,10.749,9.339,14.755,5.416,0.052,VERY_SLOW,False,False,False,1.3022,9.2362,9.1149,0.1129,0.6416,True,MOVING_MOTION_EVENT
410,97.csv,209.59,212.09,2.5,Pothole,24.468821372,88.595070806,17.166,18.381,16.87,20.048,3.178,2.58,SLOW,False,False,False,1.2237,7.7037,7.2349,0.1541,1.015,True,MOVING_MOTION_EVENT
411,97.csv,213.59,221.59,8.0,Pothole,24.469152712,88.594959484,21.519,20.335,8.029,23.355,15.326,-2.931,SLOW,False,False,False,1.2512,7.4003,7.2297,0.1515,0.945,True,MOVING_MOTION_EVENT
412,97.csv,234.59,236.09,1.5,Bump,24.46956725,88.594828616,6.807,6.667,6.031,7.022,0.991,0.383,VERY_SLOW,False,False,False,1.0924,4.9969,4.8866,0.0938,0.4616,True,MOVING_MOTION_EVENT
413,97.csv,248.09,257.59,9.499999999999972,Bump,24.469979194,88.594642184,10.878,10.859,10.14,11.535,1.395,-0.41,VERY_SLOW,False,False,False,0.9989,5.8376,5.6662,0.0928,0.6244,True,MOVING_MOTION_EVENT
414,97.csv,261.59,264.09,2.5,Bump,24.470243977,88.59452687999999,12.578,12.355,10.765,12.643,1.878,-0.544,VERY_SLOW,False,False,False,0.9351,4.3646,4.1587,0.0902,0.5075,True,MOVING_MOTION_EVENT
415,97.csv,268.09,272.09,4.0,Bump,24.470422548,88.594453832,10.503,10.519,10.174,11.299,1.125,0.361,VERY_SLOW,False,False,False,1.048,6.5721,6.3776,0.0945,0.5329,True,MOVING_MOTION_EVENT
416,97.csv,278.09,281.59,3.5,Bump,24.470726434,88.594278137,15.215,15.231,13.71,18.051,4.341,-2.626,SLOW,False,False,False,0.9666,4.8051,4.6308,0.0795,0.427,True,MOVING_MOTION_EVENT
417,97.csv,289.09,290.59,1.5,Bump,24.470981889,88.59415034899999,11.603,11.946,11.603,12.36,0.757,0.686,VERY_SLOW,False,False,False,0.936,5.4111,5.3299,0.0839,0.4982,True,MOVING_MOTION_EVENT
418,97.csv,295.09,297.59,2.5,Bump,24.471158269,88.594053715,13.185,12.598,11.166,13.372,2.206,1.345,VERY_SLOW,False,False,False,1.0707,6.7147,6.5863,0.1103,0.6421,True,MOVING_MOTION_EVENT
419,97.csv,300.09,314.09,14.0,Bump,24.47146675,88.593861544,13.039,13.387,10.999,16.385,5.386,0.202,VERY_SLOW,False,False,False,1.0229,5.878,5.7364,0.0979,0.6223,True,MOVING_MOTION_EVENT
420,97.csv,316.09,317.59,1.5,Bump,24.471732966,88.593692992,8.623,9.026,8.623,9.513,0.89,0.807,VERY_SLOW,False,False,False,0.8491,4.6757,4.3974,0.0906,0.5148,True,MOVING_MOTION_EVENT
421,97.csv,327.09,335.09,8.0,Bump,24.472340612,88.59330537000001,26.372,25.723,10.808,30.072,19.264,-6.65,SLOW,False,False,False,1.9369,14.8687,14.8133,0.2537,2.1053,True,MOVING_MOTION_EVENT
422,97.csv,336.59,341.09,4.5,"Bump,Pothole",24.472603987,88.593138689,9.017,9.226,7.547,11.929,4.382,1.786,VERY_SLOW,False,False,False,1.0493,7.4619,7.2236,0.0953,0.5865,True,MOVING_MOTION_EVENT
423,98.csv,0.59,1.59,1.0,UNKNOWN,24.452398644444447,88.61214473333334,27.246,31.31,16.378,54.374,37.996,-0.532,SLOW,False,False,False,0.7946,3.8831,3.7322,0.1006,0.4486,True,MOVING_MOTION_EVENT
424,98.csv,33.59,37.09,3.5,Bump,24.45245478,88.61161564400001,10.908,10.385,7.153,13.627,6.473,3.936,VERY_SLOW,False,False,False,1.0541,7.8936,7.7045,0.0893,0.5145,True,MOVING_MOTION_EVENT
425,98.csv,44.59,59.59,15.0,"Bump,Pothole",24.452500064,88.61051654,25.679,24.172,12.846,30.703,17.856,-7.748,SLOW,False,False,False,0.9815,8.1444,8.078,0.132,1.1557,True,MOVING_MOTION_EVENT
426,98.csv,64.09,68.59,4.5,Bump,24.45259034,88.60955856,22.706,24.891,19.624,31.772,12.149,-7.824,SLOW,False,False,False,0.9778,5.8228,5.7743,0.1188,0.891,True,MOVING_MOTION_EVENT
427,98.csv,70.59,80.09,9.5,Bump,24.45272178,88.60896612,28.391,28.437,24.83,31.337,6.506,0.157,SLOW,False,False,False,0.8908,5.8519,5.6353,0.1281,0.9307,True,MOVING_MOTION_EVENT
428,98.csv,90.59,92.59,2.0,Bump,24.45298041,88.607643465,21.804,21.971,21.246,22.968,1.722,-0.445,SLOW,False,False,False,0.8033,4.6044,4.4292,0.0869,0.5864,True,MOVING_MOTION_EVENT
429,98.csv,107.59,109.59,2.0,Bump,24.4527536,88.606236845,36.438,36.528,35.587,37.46,1.873,-0.945,MOVING,False,False,False,1.261,6.8847,6.5789,0.1872,1.0733,True,MOVING_MOTION_EVENT
430,98.csv,129.09,131.09,2.0,UNKNOWN,24.4523961,88.60380656000001,46.171,46.666,46.07,47.313,1.244,1.171,MOVING,False,False,False,0.9634,4.9099,4.7942,0.142,0.8547,True,MOVING_MOTION_EVENT
431,98.csv,132.59,133.59,1.0,UNKNOWN,24.452359135,88.603419545,47.1,47.442,47.1,47.861,0.762,0.686,MOVING,False,False,False,0.8067,3.8113,3.589,0.0827,0.3918,True,MOVING_MOTION_EVENT
432,98.csv,135.09,137.09,2.0,UNKNOWN,24.4523442,88.603027745,47.535,47.09,46.408,47.726,1.319,-1.234,MOVING,False,False,False,0.8536,5.1422,4.6908,0.1188,0.7312,True,MOVING_MOTION_EVENT
433,98.csv,139.09,140.59,1.5,Bump,24.45234264,88.60256371,44.041,44.051,44.041,44.313,0.272,-0.015,MOVING,False,False,False,0.9297,4.8116,4.5811,0.1004,0.4928,True,MOVING_MOTION_EVENT
434,98.csv,142.59,146.09,3.5,UNKNOWN,24.45243452,88.60202174,46.062,45.565,43.602,46.311,2.709,0.495,MOVING,False,False,False,0.8762,5.0945,4.8845,0.1223,0.8534,True,MOVING_MOTION_EVENT
435,98.csv,150.09,156.59,6.5,Bump,24.45274242,88.60091458000001,44.914,45.462,41.401,49.753,8.351,-5.219,MOVING,False,False,False,1.2472,9.0666,8.8908,0.1974,1.7572,True,MOVING_MOTION_EVENT
436,98.csv,161.59,162.59,1.0,UNKNOWN,24.452903805,88.599929605,41.85,40.953,39.858,41.85,1.992,-1.793,MOVING,False,False,False,0.9048,4.5065,4.1752,0.107,0.6565,True,MOVING_MOTION_EVENT
437,98.csv,166.09,169.09,3.0,UNKNOWN,24.453112355,88.59942575,34.84,34.853,34.101,36.023,1.922,-0.462,MOVING,False,False,False,0.765,3.7371,3.5335,0.0891,0.4513,True,MOVING_MOTION_EVENT
438,98.csv,220.09,222.59,2.5,Pothole,24.453571,88.59697396,12.224,12.325,12.053,13.089,1.035,0.188,VERY_SLOW,False,False,False,0.9005,5.0343,4.9692,0.0906,0.5665,True,MOVING_MOTION_EVENT
439,98.csv,258.09,259.59,1.5,UNKNOWN,24.45536768,88.59654167000001,37.904,38.366,36.179,39.638,3.459,1.155,MOVING,False,False,False,0.7964,4.4737,4.2859,0.1024,0.5162,True,MOVING_MOTION_EVENT
440,98.csv,262.09,264.59,2.5,UNKNOWN,24.45582306,88.59660008,43.119,42.553,40.67,43.931,3.262,1.716,MOVING,False,False,False,0.755,4.8449,4.5578,0.1045,0.5729,True,MOVING_MOTION_EVENT
441,98.csv,267.59,270.09,2.5,UNKNOWN,24.45638167,88.59666688,37.233,38.003,37.062,39.439,2.377,1.732,MOVING,False,False,False,0.7681,4.0671,3.8198,0.0998,0.5634,True,MOVING_MOTION_EVENT
442,98.csv,276.09,282.59,6.5,UNKNOWN,24.4574788,88.59676780000001,47.037,47.49,43.367,50.484,7.116,3.77,MOVING,False,False,False,0.944,6.3911,6.1883,0.1239,0.9444,True,MOVING_MOTION_EVENT
443,98.csv,284.09,293.59,9.5,Bump,24.45864206,88.59669427,38.111,37.5,24.26,53.22,28.961,-21.311,MOVING,False,True,False,1.4255,11.1549,10.9538,0.1731,1.3143,True,DECELERATION
