cluster_id,latitude,longitude,event_count,original_recordings,unique_recordings,recording_groups,bump_evidence,pothole_evidence,dominant_label,label_consistency,median_distance_m,max_distance_m,median_peak_motion,median_max_accel,median_max_gyro,recording_score,spatial_score,intensity_score,evidence_score,evidence_level
3,24.415141018,88.610452356,1,1,1,REC_0003,1,0,BUMP,1.0,0.0,0.0,6.275,14.333,2.43,0.2,1.0,1.0,68.0,SINGLE_RECORDING
119,24.367962008000003,88.758124295,1,1,1,REC_0047,1,0,BUMP,1.0,0.0,0.0,5.509,11.778,2.331,0.2,1.0,1.0,68.0,SINGLE_RECORDING
140,24.417260614,88.529100788,1,1,1,REC_0058,1,0,BUMP,1.0,0.0,0.0,5.288,13.742,2.237,0.2,1.0,1.0,68.0,SINGLE_RECORDING
170,24.463508114,88.532950836,1,1,1,REC_0072,1,0,BUMP,1.0,0.0,0.0,5.155,13.407,2.081,0.2,1.0,1.0,68.0,SINGLE_RECORDING
224,24.525301277,88.560343901,1,1,1,REC_0084,1,0,BUMP,1.0,0.0,0.0,6.639,13.67,2.161,0.2,1.0,1.0,68.0,SINGLE_RECORDING
292,24.47377978,88.59236666,1,1,1,REC_0089,1,0,BUMP,1.0,0.0,0.0,6.09,17.023,2.178,0.2,1.0,1.0,68.0,SINGLE_RECORDING
323,24.472340612,88.59330537000001,1,1,1,REC_0090,1,0,BUMP,1.0,0.0,0.0,6.354,14.869,2.105,0.2,1.0,1.0,68.0,SINGLE_RECORDING
306,24.464697832,88.596103566,1,1,1,REC_0090,0,1,POTHOLE,1.0,0.0,0.0,5.345,13.196,1.971,0.2,1.0,0.997,67.95,SINGLE_RECORDING
28,24.403282621,88.61664608019802,1,1,1,REC_0004,0,1,POTHOLE,1.0,0.0,0.0,5.536,16.037,1.807,0.2,1.0,0.979,67.68,SINGLE_RECORDING
274,24.50554041,88.56874775799999,1,1,1,REC_0087,0,1,POTHOLE,1.0,0.0,0.0,5.07,12.256,1.49,0.2,1.0,0.943,67.15,SINGLE_RECORDING
16,24.39453673,88.617310568,1,1,1,REC_0004,1,0,BUMP,1.0,0.0,0.0,5.003,10.748,1.34,0.2,1.0,0.927,66.9,SINGLE_RECORDING
123,24.37223706,88.838808555,1,1,1,REC_0049,1,0,BUMP,1.0,0.0,0.0,4.56,12.1,1.788,0.2,1.0,0.921,66.82,SINGLE_RECORDING
229,24.532468754,88.567000412,1,1,1,REC_0084,1,0,BUMP,1.0,0.0,0.0,4.307,10.955,1.876,0.2,1.0,0.9,66.49,SINGLE_RECORDING
265,24.517600029,88.560034042,1,1,1,REC_0086,1,0,BUMP,1.0,0.0,0.0,4.332,10.13,1.748,0.2,1.0,0.888,66.33,SINGLE_RECORDING
46,24.377640787,88.62355343,1,1,1,REC_0006,0,1,POTHOLE,1.0,0.0,0.0,4.227,10.297,1.722,0.2,1.0,0.872,66.09,SINGLE_RECORDING
161,24.402774388,88.582766196,1,1,1,REC_0068,1,0,BUMP,1.0,0.0,0.0,4.381,10.685,1.456,0.2,1.0,0.862,65.93,SINGLE_RECORDING
137,24.415645187,88.52342425799999,1,1,1,REC_0057,0,1,POTHOLE,1.0,0.0,0.0,4.005,10.249,1.847,0.2,1.0,0.859,65.88,SINGLE_RECORDING
24,24.399494468,88.616878756,1,1,1,REC_0004,0,1,POTHOLE,1.0,0.0,0.0,4.292,9.562,1.661,0.2,1.0,0.857,65.86,SINGLE_RECORDING
208,24.528934924,88.60269076200001,1,1,1,REC_0082,1,0,BUMP,1.0,0.0,0.0,4.354,9.915,1.45,0.2,1.0,0.855,65.82,SINGLE_RECORDING
176,24.376117977,88.547271337,1,1,1,REC_0073,1,0,BUMP,1.0,0.0,0.0,4.294,10.904,1.48,0.2,1.0,0.854,65.81,SINGLE_RECORDING
294,24.475028,88.59156494000001,1,1,1,REC_0089,0,1,POTHOLE,1.0,0.0,0.0,4.402,10.078,1.343,0.2,1.0,0.852,65.78,SINGLE_RECORDING
345,24.45864206,88.59669427,1,1,1,REC_0091,1,0,BUMP,1.0,0.0,0.0,4.357,11.155,1.314,0.2,1.0,0.843,65.65,SINGLE_RECORDING
187,24.39625498,88.57397532,1,1,1,REC_0078,1,0,BUMP,1.0,0.0,0.0,4.316,9.91,1.327,0.2,1.0,0.836,65.55,SINGLE_RECORDING
114,24.366696624,88.755756792,1,1,1,REC_0047,1,0,BUMP,1.0,0.0,0.0,4.246,10.161,1.364,0.2,1.0,0.835,65.53,SINGLE_RECORDING
269,24.502801691,88.571100681,1,1,1,REC_0087,0,1,POTHOLE,1.0,0.0,0.0,4.284,9.482,1.367,0.2,1.0,0.821,65.31,SINGLE_RECORDING
309,24.466063692,88.59583424899999,1,1,1,REC_0090,0,1,POTHOLE,1.0,0.0,0.0,4.083,10.015,1.394,0.2,1.0,0.818,65.27,SINGLE_RECORDING
43,24.375617566000003,88.62232051000001,2,2,2,REC_0006|REC_0029,2,0,BUMP,1.0,3.59,3.59,2.376,6.654,1.06,0.4,0.88,0.442,65.24,MODERATE
337,24.45274242,88.60091458000001,1,1,1,REC_0091,1,0,BUMP,1.0,0.0,0.0,3.891,9.067,1.757,0.2,1.0,0.799,64.99,SINGLE_RECORDING
42,24.381207268,88.619045104,1,1,1,REC_0005,1,0,BUMP,1.0,0.0,0.0,3.929,10.051,1.387,0.2,1.0,0.798,64.97,SINGLE_RECORDING
57,24.377908781,88.58281493,1,1,1,REC_0012,1,0,BUMP,1.0,0.0,0.0,4.253,9.339,1.237,0.2,1.0,0.797,64.96,SINGLE_RECORDING
150,24.437809498,88.535290532,1,1,1,REC_0063,1,0,BUMP,1.0,0.0,0.0,3.539,9.089,2.092,0.2,1.0,0.783,64.75,SINGLE_RECORDING
281,24.484679389,88.58503867499999,1,1,1,REC_0088,1,0,BUMP,1.0,0.0,0.0,4.045,12.332,1.005,0.2,1.0,0.77,64.55,SINGLE_RECORDING
132,24.373200175,88.53732283999999,1,1,1,REC_0055,0,1,POTHOLE,1.0,0.0,0.0,3.91,10.544,1.128,0.2,1.0,0.767,64.5,SINGLE_RECORDING
262,24.5155677,88.559786636,1,1,1,REC_0086,1,0,BUMP,1.0,0.0,0.0,3.91,9.041,1.405,0.2,1.0,0.762,64.43,SINGLE_RECORDING
74,24.37000647,88.62133092,1,1,1,REC_0021,1,0,BUMP,1.0,0.0,0.0,4.328,8.252,1.186,0.2,1.0,0.76,64.4,SINGLE_RECORDING
272,24.503985836,88.570069112,1,1,1,REC_0087,1,0,BUMP,1.0,0.0,0.0,3.748,9.777,1.281,0.2,1.0,0.755,64.33,SINGLE_RECORDING
122,24.372475965,88.837385085,1,1,1,REC_0049,1,0,BUMP,1.0,0.0,0.0,3.872,9.668,1.097,0.2,1.0,0.746,64.19,SINGLE_RECORDING
87,24.375845612,88.632896485,1,1,1,REC_0033,0,1,POTHOLE,1.0,0.0,0.0,3.858,8.909,1.308,0.2,1.0,0.739,64.09,SINGLE_RECORDING
31,24.405523149,88.616570697,1,1,1,REC_0004,0,1,POTHOLE,1.0,0.0,0.0,3.67,9.951,1.147,0.2,1.0,0.737,64.06,SINGLE_RECORDING
141,24.417394491,88.52851908,1,1,1,REC_0058,0,1,POTHOLE,1.0,0.0,0.0,3.713,14.201,0.901,0.2,1.0,0.717,63.76,SINGLE_RECORDING
270,24.50331487,88.570667188,1,1,1,REC_0087,1,0,BUMP,1.0,0.0,0.0,3.137,10.559,1.453,0.2,1.0,0.706,63.6,SINGLE_RECORDING
118,24.36772281,88.757853462,1,1,1,REC_0047,1,0,BUMP,1.0,0.0,0.0,3.809,8.884,1.042,0.2,1.0,0.703,63.54,SINGLE_RECORDING
138,24.41454191,88.523356084,1,1,1,REC_0057,1,0,BUMP,1.0,0.0,0.0,3.751,8.779,1.066,0.2,1.0,0.694,63.41,SINGLE_RECORDING
227,24.531461218,88.565553464,1,1,1,REC_0084,1,0,BUMP,1.0,0.0,0.0,3.595,8.41,1.362,0.2,1.0,0.694,63.41,SINGLE_RECORDING
215,24.532939552,88.579068,1,1,1,REC_0083,1,0,BUMP,1.0,0.0,0.0,3.697,7.96,1.315,0.2,1.0,0.685,63.27,SINGLE_RECORDING
164,24.44531216,88.55742176,1,1,1,REC_0070,1,0,BUMP,1.0,0.0,0.0,3.845,8.021,1.057,0.2,1.0,0.677,63.15,SINGLE_RECORDING
106,24.373404402,88.532439609,1,1,1,REC_0044,0,1,POTHOLE,1.0,0.0,0.0,3.321,10.26,0.928,0.2,1.0,0.671,63.07,SINGLE_RECORDING
231,24.533528882,88.568515025,1,1,1,REC_0084,0,1,POTHOLE,1.0,0.0,0.0,3.373,8.838,1.177,0.2,1.0,0.662,62.92,SINGLE_RECORDING
95,24.374739902,88.642971668,1,1,1,REC_0039,1,0,BUMP,1.0,0.0,0.0,3.562,7.535,1.387,0.2,1.0,0.66,62.9,SINGLE_RECORDING
107,24.36559006,88.723751145,1,1,1,REC_0045,1,0,BUMP,1.0,0.0,0.0,3.524,8.779,1.011,0.2,1.0,0.66,62.9,SINGLE_RECORDING
151,24.400619685,88.578590675,1,1,1,REC_0064,1,0,BUMP,1.0,0.0,0.0,3.497,8.62,1.056,0.2,1.0,0.655,62.83,SINGLE_RECORDING
116,24.36707780842105,88.75695772105263,1,1,1,REC_0047,1,0,BUMP,1.0,0.0,0.0,3.316,8.213,1.275,0.2,1.0,0.642,62.63,SINGLE_RECORDING
76,24.370801315,88.62261301,1,1,1,REC_0021,1,0,BUMP,1.0,0.0,0.0,3.361,8.61,1.026,0.2,1.0,0.635,62.52,SINGLE_RECORDING
142,24.417717427,88.523741042,1,1,1,REC_0059,0,1,POTHOLE,1.0,0.0,0.0,3.232,7.923,1.25,0.2,1.0,0.618,62.27,SINGLE_RECORDING
56,24.379347406,88.564506743,1,1,1,REC_0011,1,0,BUMP,1.0,0.0,0.0,3.306,7.738,1.222,0.2,1.0,0.617,62.25,SINGLE_RECORDING
120,24.381141332,88.76881530200001,1,1,1,REC_0048,1,0,BUMP,1.0,0.0,0.0,3.027,9.791,0.825,0.2,1.0,0.615,62.22,SINGLE_RECORDING
255,24.510702936,88.56425033,1,1,1,REC_0086,1,0,BUMP,1.0,0.0,0.0,3.168,8.318,1.027,0.2,1.0,0.6,62.0,SINGLE_RECORDING
226,24.529831971,88.563366802,1,1,1,REC_0084,1,0,BUMP,1.0,0.0,0.0,3.374,7.217,1.122,0.2,1.0,0.595,61.92,SINGLE_RECORDING
295,24.47612059,88.59080851,1,1,1,REC_0089,0,1,POTHOLE,1.0,0.0,0.0,3.328,7.895,0.918,0.2,1.0,0.592,61.88,SINGLE_RECORDING
180,24.375330368,88.545249073,1,1,1,REC_0073,1,0,BUMP,1.0,0.0,0.0,3.221,8.253,0.912,0.2,1.0,0.591,61.87,SINGLE_RECORDING
60,24.381995465000003,88.585562623,1,1,1,REC_0014,0,1,POTHOLE,1.0,0.0,0.0,3.137,8.656,0.787,0.2,1.0,0.582,61.73,SINGLE_RECORDING
169,24.463154078,88.532762176,1,1,1,REC_0072,1,0,BUMP,1.0,0.0,0.0,3.06,8.457,0.915,0.2,1.0,0.579,61.69,SINGLE_RECORDING
2,24.41134297,88.609437692,1,1,1,REC_0003,1,0,BUMP,1.0,0.0,0.0,3.318,7.74,0.825,0.2,1.0,0.574,61.62,SINGLE_RECORDING
112,24.366834484,88.75445567599999,1,1,1,REC_0047,1,0,BUMP,1.0,0.0,0.0,3.13,8.001,0.9,0.2,1.0,0.569,61.54,SINGLE_RECORDING
6,24.433676572,88.610694108,1,1,1,REC_0003,1,0,BUMP,1.0,0.0,0.0,2.903,8.0,1.144,0.2,1.0,0.568,61.52,SINGLE_RECORDING
313,24.468047002,88.595276604,1,1,1,REC_0090,0,1,POTHOLE,1.0,0.0,0.0,3.174,7.309,1.019,0.2,1.0,0.562,61.43,SINGLE_RECORDING
230,24.533096557,88.56792572799999,1,1,1,REC_0084,0,1,POTHOLE,1.0,0.0,0.0,3.194,6.604,1.188,0.2,1.0,0.557,61.35,SINGLE_RECORDING
162,24.42335759,88.56633656000001,1,1,1,REC_0069,1,0,BUMP,1.0,0.0,0.0,2.993,7.35,1.129,0.2,1.0,0.553,61.29,SINGLE_RECORDING
307,24.46508839,88.596061696,1,1,1,REC_0090,0,1,POTHOLE,1.0,0.0,0.0,2.722,8.798,0.939,0.2,1.0,0.552,61.28,SINGLE_RECORDING
315,24.469152712,88.594959484,1,1,1,REC_0090,0,1,POTHOLE,1.0,0.0,0.0,3.089,7.4,0.945,0.2,1.0,0.546,61.2,SINGLE_RECORDING
109,24.368477392,88.750314712,1,1,1,REC_0046,0,1,POTHOLE,1.0,0.0,0.0,3.193,7.666,0.72,0.2,1.0,0.544,61.17,SINGLE_RECORDING
331,24.4527536,88.606236845,1,1,1,REC_0091,1,0,BUMP,1.0,0.0,0.0,3.056,6.885,1.073,0.2,1.0,0.537,61.06,SINGLE_RECORDING
98,24.373374911,88.64297189199999,1,1,1,REC_0040,0,1,POTHOLE,1.0,0.0,0.0,2.792,7.167,1.145,0.2,1.0,0.523,60.84,SINGLE_RECORDING
184,24.36563131609196,88.83729145287357,1,1,1,REC_0076,1,0,BUMP,1.0,0.0,0.0,2.744,9.12,0.462,0.2,1.0,0.514,60.71,SINGLE_RECORDING
128,24.370597031000003,88.61861458,1,1,1,REC_0053,1,0,BUMP,1.0,0.0,0.0,3.047,6.651,0.943,0.2,1.0,0.513,60.69,SINGLE_RECORDING
29,24.403656914,88.616636364,1,1,1,REC_0004,0,1,POTHOLE,1.0,0.0,0.0,2.931,7.336,0.822,0.2,1.0,0.511,60.66,SINGLE_RECORDING
110,24.368258772,88.75095761600001,1,1,1,REC_0046,0,1,POTHOLE,1.0,0.0,0.0,2.966,7.309,0.768,0.2,1.0,0.508,60.62,SINGLE_RECORDING
73,24.393995808,88.571446044,1,1,1,REC_0019,1,0,BUMP,1.0,0.0,0.0,2.905,7.392,0.761,0.2,1.0,0.503,60.54,SINGLE_RECORDING
124,24.3801782,88.584898195,1,1,1,REC_0052,0,1,POTHOLE,1.0,0.0,0.0,2.593,8.556,0.714,0.2,1.0,0.502,60.53,SINGLE_RECORDING
254,24.508888618,88.56583348,1,1,1,REC_0086,1,0,BUMP,1.0,0.0,0.0,2.787,7.358,0.901,0.2,1.0,0.502,60.53,SINGLE_RECORDING
209,24.528867616,88.603478107,1,1,1,REC_0082,1,0,BUMP,1.0,0.0,0.0,2.744,6.582,1.049,0.2,1.0,0.484,60.26,SINGLE_RECORDING
214,24.532885,88.57851542,1,1,1,REC_0083,1,0,BUMP,1.0,0.0,0.0,2.797,7.084,0.786,0.2,1.0,0.48,60.21,SINGLE_RECORDING
143,24.418345112,88.524795595,1,1,1,REC_0060,0,1,POTHOLE,1.0,0.0,0.0,2.867,6.721,0.822,0.2,1.0,0.48,60.19,SINGLE_RECORDING
167,24.454082136,88.536705656,1,1,1,REC_0071,1,0,BUMP,1.0,0.0,0.0,2.837,6.933,0.774,0.2,1.0,0.478,60.18,SINGLE_RECORDING
271,24.503680525,88.570347504,1,1,1,REC_0087,1,0,BUMP,1.0,0.0,0.0,1.834,6.769,1.95,0.2,1.0,0.478,60.16,SINGLE_RECORDING
158,24.404526495,88.580504034,1,1,1,REC_0066,0,1,POTHOLE,1.0,0.0,0.0,2.652,7.658,0.696,0.2,1.0,0.474,60.11,SINGLE_RECORDING
257,24.512180462,88.56277962499999,1,1,1,REC_0086,1,0,BUMP,1.0,0.0,0.0,2.639,6.101,1.208,0.2,1.0,0.471,60.06,SINGLE_RECORDING
310,24.466449552,88.595733596,1,1,1,REC_0090,0,1,POTHOLE,1.0,0.0,0.0,2.706,6.689,0.861,0.2,1.0,0.463,59.94,SINGLE_RECORDING
27,24.402771655,88.616647172,1,1,1,REC_0004,0,1,POTHOLE,1.0,0.0,0.0,2.405,6.433,1.281,0.2,1.0,0.462,59.93,SINGLE_RECORDING
33,24.38044118,88.62473499058824,1,1,1,REC_0005,1,0,BUMP,1.0,0.0,0.0,2.406,7.292,0.987,0.2,1.0,0.462,59.92,SINGLE_RECORDING
32,24.380139861,88.62522508,1,1,1,REC_0005,0,1,POTHOLE,1.0,0.0,0.0,2.36,7.764,0.853,0.2,1.0,0.459,59.88,SINGLE_RECORDING
21,24.397781024,88.61698876,1,1,1,REC_0004,0,1,POTHOLE,1.0,0.0,0.0,2.599,6.475,0.99,0.2,1.0,0.455,59.83,SINGLE_RECORDING
126,24.371120004,88.617850716,1,1,1,REC_0053,1,0,BUMP,1.0,0.0,0.0,2.57,5.812,1.248,0.2,1.0,0.456,59.83,SINGLE_RECORDING
282,24.486371588,88.583635432,1,1,1,REC_0088,0,1,POTHOLE,1.0,0.0,0.0,2.587,5.933,1.087,0.2,1.0,0.444,59.67,SINGLE_RECORDING
329,24.45272178,88.60896612,1,1,1,REC_0091,1,0,BUMP,1.0,0.0,0.0,2.738,5.852,0.931,0.2,1.0,0.443,59.64,SINGLE_RECORDING
202,24.531802501,88.583766041,1,1,1,REC_0082,0,1,POTHOLE,1.0,0.0,0.0,2.626,6.081,0.948,0.2,1.0,0.439,59.59,SINGLE_RECORDING
267,24.51937306,88.559851572,1,1,1,REC_0086,1,0,BUMP,1.0,0.0,0.0,2.593,5.893,0.984,0.2,1.0,0.432,59.48,SINGLE_RECORDING
18,24.396330849,88.61706588,1,1,1,REC_0004,0,1,POTHOLE,1.0,0.0,0.0,2.643,6.113,0.835,0.2,1.0,0.43,59.45,SINGLE_RECORDING
291,24.492871565,88.576760491,2,1,1,REC_0088,1,0,BUMP,1.0,12.45,12.45,5.682,14.748,1.839,0.2,0.585,0.982,59.43,SINGLE_RECORDING
155,24.402302032,88.58028173800001,1,1,1,REC_0066,1,0,BUMP,1.0,0.0,0.0,2.401,6.821,0.826,0.2,1.0,0.425,59.38,SINGLE_RECORDING
75,24.36992755,88.621690535,1,1,1,REC_0021,1,0,BUMP,1.0,0.0,0.0,2.659,6.11,0.696,0.2,1.0,0.417,59.25,SINGLE_RECORDING
61,24.387579278,88.55680644,1,1,1,REC_0015,1,0,BUMP,1.0,0.0,0.0,2.618,6.005,0.767,0.2,1.0,0.415,59.23,SINGLE_RECORDING
45,24.377542712,88.622965952,1,1,1,REC_0006,1,0,BUMP,1.0,0.0,0.0,2.119,6.232,1.222,0.2,1.0,0.412,59.18,SINGLE_RECORDING
280,24.483597392,88.585781274,1,1,1,REC_0088,0,1,POTHOLE,1.0,0.0,0.0,2.315,6.711,0.841,0.2,1.0,0.412,59.18,SINGLE_RECORDING
168,24.454891232,88.53683388399999,1,1,1,REC_0071,1,0,BUMP,1.0,0.0,0.0,2.673,6.12,0.625,0.2,1.0,0.411,59.16,SINGLE_RECORDING
256,24.511872516,88.56318054799999,1,1,1,REC_0086,1,0,BUMP,1.0,0.0,0.0,1.838,8.889,0.606,0.2,1.0,0.408,59.12,SINGLE_RECORDING
328,24.45259034,88.60955856,1,1,1,REC_0091,1,0,BUMP,1.0,0.0,0.0,2.489,5.823,0.891,0.2,1.0,0.406,59.09,SINGLE_RECORDING
136,24.406820408,88.522920604,1,1,1,REC_0056,0,1,POTHOLE,1.0,0.0,0.0,2.375,6.665,0.729,0.2,1.0,0.406,59.08,SINGLE_RECORDING
174,24.376513058,88.548309276,1,1,1,REC_0073,1,0,BUMP,1.0,0.0,0.0,2.592,5.478,0.871,0.2,1.0,0.404,59.06,SINGLE_RECORDING
90,24.373630795,88.534484506,1,1,1,REC_0035,1,0,BUMP,1.0,0.0,0.0,2.72,5.829,0.604,0.2,1.0,0.403,59.05,SINGLE_RECORDING
264,24.517069266,88.559935024,1,1,1,REC_0086,1,0,BUMP,1.0,0.0,0.0,2.462,6.028,0.797,0.2,1.0,0.4,59.0,SINGLE_RECORDING
22,24.398697734,88.61693717499999,1,1,1,REC_0004,0,1,POTHOLE,1.0,0.0,0.0,2.279,6.626,0.761,0.2,1.0,0.396,58.94,SINGLE_RECORDING
321,24.47146675,88.593861544,1,1,1,REC_0090,1,0,BUMP,1.0,0.0,0.0,2.624,5.878,0.622,0.2,1.0,0.395,58.93,SINGLE_RECORDING
103,24.365409104,88.67515730299999,1,1,1,REC_0043,1,0,BUMP,1.0,0.0,0.0,2.742,5.771,0.511,0.2,1.0,0.394,58.91,SINGLE_RECORDING
179,24.375547536,88.545790812,1,1,1,REC_0073,1,0,BUMP,1.0,0.0,0.0,2.445,6.0,0.72,0.2,1.0,0.388,58.83,SINGLE_RECORDING
183,24.461381218,88.6134459,1,1,1,REC_0075,1,0,BUMP,1.0,0.0,0.0,2.308,6.236,0.717,0.2,1.0,0.38,58.7,SINGLE_RECORDING
326,24.45245478,88.61161564400001,1,1,1,REC_0091,1,0,BUMP,1.0,0.0,0.0,1.976,7.894,0.515,0.2,1.0,0.378,58.67,SINGLE_RECORDING
266,24.518147188,88.559950372,1,1,1,REC_0086,1,0,BUMP,1.0,0.0,0.0,2.249,6.261,0.748,0.2,1.0,0.377,58.65,SINGLE_RECORDING
97,24.37393566526316,88.64297398947367,1,1,1,REC_0040,0,1,POTHOLE,1.0,0.0,0.0,2.351,5.455,0.785,0.2,1.0,0.363,58.45,SINGLE_RECORDING
204,24.530156924,88.595419868,1,1,1,REC_0082,0,1,POTHOLE,1.0,0.0,0.0,2.164,5.057,1.128,0.2,1.0,0.363,58.45,SINGLE_RECORDING
239,24.513767484,88.633828432,1,1,1,REC_0085,1,0,BUMP,1.0,0.0,0.0,2.219,5.763,0.824,0.2,1.0,0.363,58.44,SINGLE_RECORDING
305,24.464228964,88.59611889199999,1,1,1,REC_0090,0,1,POTHOLE,1.0,0.0,0.0,2.178,5.612,0.876,0.2,1.0,0.358,58.37,SINGLE_RECORDING
308,24.465617416,88.59596326,1,1,1,REC_0090,0,1,POTHOLE,1.0,0.0,0.0,2.203,6.273,0.606,0.2,1.0,0.356,58.34,SINGLE_RECORDING
173,24.376608808,88.548586976,1,1,1,REC_0073,1,0,BUMP,1.0,0.0,0.0,2.343,5.449,0.69,0.2,1.0,0.352,58.27,SINGLE_RECORDING
156,24.40305369376506,88.58033740183735,2,2,2,REC_0066|REC_0067,2,1,BUMP,0.667,9.43,9.43,3.951,9.829,1.337,0.4,0.686,0.789,58.21,MODERATE
190,24.521658108,88.619961576,1,1,1,REC_0081,1,0,BUMP,1.0,0.0,0.0,2.172,5.417,0.829,0.2,1.0,0.345,58.17,SINGLE_RECORDING
80,24.374566659,88.608098444,1,1,1,REC_0025,0,1,POTHOLE,1.0,0.0,0.0,2.288,5.443,0.667,0.2,1.0,0.342,58.13,SINGLE_RECORDING
93,24.37700474,88.642762002,1,1,1,REC_0038,0,1,POTHOLE,1.0,0.0,0.0,2.163,5.765,0.68,0.2,1.0,0.34,58.1,SINGLE_RECORDING
221,24.521146079,88.55995184400001,1,1,1,REC_0084,1,0,BUMP,1.0,0.0,0.0,2.222,5.314,0.72,0.2,1.0,0.335,58.02,SINGLE_RECORDING
171,24.463881416,88.533017016,1,1,1,REC_0072,1,0,BUMP,1.0,0.0,0.0,1.98,5.108,1.041,0.2,1.0,0.332,57.99,SINGLE_RECORDING
317,24.469979194,88.594642184,1,1,1,REC_0090,1,0,BUMP,1.0,0.0,0.0,2.124,5.838,0.624,0.2,1.0,0.332,57.97,SINGLE_RECORDING
223,24.52275945,88.56005721,1,1,1,REC_0084,1,0,BUMP,1.0,0.0,0.0,2.323,5.226,0.598,0.2,1.0,0.331,57.96,SINGLE_RECORDING
301,24.461515855,88.596274424,1,1,1,REC_0090,1,0,BUMP,1.0,0.0,0.0,2.312,5.086,0.651,0.2,1.0,0.33,57.95,SINGLE_RECORDING
225,24.527637892,88.56155021400001,1,1,1,REC_0084,1,0,BUMP,1.0,0.0,0.0,2.134,5.475,0.662,0.2,1.0,0.323,57.85,SINGLE_RECORDING
35,24.380755322,88.623563298,1,1,1,REC_0005,0,1,POTHOLE,1.0,0.0,0.0,2.012,5.615,0.746,0.2,1.0,0.323,57.84,SINGLE_RECORDING
283,24.487038918,88.58284483,1,1,1,REC_0088,0,1,POTHOLE,1.0,0.0,0.0,2.088,5.767,0.601,0.2,1.0,0.322,57.83,SINGLE_RECORDING
260,24.514084969,88.560410862,1,1,1,REC_0086,1,0,BUMP,1.0,0.0,0.0,2.256,4.819,0.726,0.2,1.0,0.321,57.82,SINGLE_RECORDING
234,24.534617508,88.57046636,1,1,1,REC_0084,0,1,POTHOLE,1.0,0.0,0.0,2.076,5.365,0.738,0.2,1.0,0.32,57.81,SINGLE_RECORDING
83,24.375534808,88.604624896,2,2,1,DUP_0027,1,0,BUMP,1.0,0.0,0.0,2.224,5.486,0.516,0.2,1.0,0.319,57.78,SINGLE_RECORDING
232,24.533994884,88.569197352,1,1,1,REC_0084,0,1,POTHOLE,1.0,0.0,0.0,2.3,4.592,0.732,0.2,1.0,0.319,57.78,SINGLE_RECORDING
113,24.366701202,88.75540918,1,1,1,REC_0047,1,0,BUMP,1.0,0.0,0.0,2.117,5.39,0.611,0.2,1.0,0.312,57.69,SINGLE_RECORDING
50,24.374993116,88.598091919,1,1,1,REC_0009,1,0,BUMP,1.0,0.0,0.0,2.146,5.244,0.599,0.2,1.0,0.309,57.64,SINGLE_RECORDING
258,24.512763813741934,88.56251826383871,2,1,1,REC_0086,1,0,BUMP,1.0,13.36,13.36,4.604,12.81,1.541,0.2,0.555,0.899,57.58,SINGLE_RECORDING
37,24.380853929,88.622803905,1,1,1,REC_0005,1,0,BUMP,1.0,0.0,0.0,1.721,5.229,0.997,0.2,1.0,0.3,57.5,SINGLE_RECORDING
236,24.535299825,88.57110737400001,1,1,1,REC_0084,0,1,POTHOLE,1.0,0.0,0.0,2.187,4.501,0.719,0.2,1.0,0.3,57.5,SINGLE_RECORDING
108,24.368788291,88.749175095,1,1,1,REC_0046,1,0,BUMP,1.0,0.0,0.0,2.142,5.153,0.523,0.2,1.0,0.297,57.45,SINGLE_RECORDING
34,24.380673374,88.623928099,1,1,1,REC_0005,1,0,BUMP,1.0,0.0,0.0,1.918,4.879,0.847,0.2,1.0,0.295,57.42,SINGLE_RECORDING
44,24.377071266,88.622942751,1,1,1,REC_0006,1,0,BUMP,1.0,0.0,0.0,2.124,4.836,0.621,0.2,1.0,0.294,57.4,SINGLE_RECORDING
335,24.45234264,88.60256371,1,1,1,REC_0091,1,0,BUMP,1.0,0.0,0.0,2.22,4.812,0.493,0.2,1.0,0.291,57.36,SINGLE_RECORDING
228,24.532084841,88.56641479,1,1,1,REC_0084,1,0,BUMP,1.0,0.0,0.0,2.072,4.258,0.821,0.2,1.0,0.288,57.32,SINGLE_RECORDING
148,24.431527,88.53362503,1,1,1,REC_0061,0,1,POTHOLE,1.0,0.0,0.0,1.914,5.103,0.688,0.2,1.0,0.285,57.27,SINGLE_RECORDING
12,24.39061970495049,88.61790346138613,1,1,1,REC_0004,0,1,POTHOLE,1.0,0.0,0.0,1.964,5.05,0.618,0.2,1.0,0.281,57.22,SINGLE_RECORDING
300,24.461040704,88.596306528,1,1,1,REC_0090,1,0,BUMP,1.0,0.0,0.0,1.985,4.89,0.649,0.2,1.0,0.281,57.22,SINGLE_RECORDING
9,24.387482797,88.61840223799999,1,1,1,REC_0004,1,0,BUMP,1.0,0.0,0.0,1.991,4.66,0.673,0.2,1.0,0.276,57.14,SINGLE_RECORDING
340,24.453571,88.59697396,1,1,1,REC_0091,0,1,POTHOLE,1.0,0.0,0.0,1.938,5.034,0.566,0.2,1.0,0.272,57.08,SINGLE_RECORDING
154,24.372917836,88.53910138,1,1,1,REC_0065,0,1,POTHOLE,1.0,0.0,0.0,2.062,4.671,0.548,0.2,1.0,0.272,57.07,SINGLE_RECORDING
304,24.463886988,88.596122864,1,1,1,REC_0090,0,1,POTHOLE,1.0,0.0,0.0,1.789,5.683,0.476,0.2,1.0,0.267,57.01,SINGLE_RECORDING
261,24.515079219,88.55989003500001,1,1,1,REC_0086,1,0,BUMP,1.0,0.0,0.0,2.014,4.477,0.616,0.2,1.0,0.266,56.99,SINGLE_RECORDING
47,24.377698652,88.623929214,1,1,1,REC_0006,0,1,POTHOLE,1.0,0.0,0.0,1.857,5.55,0.425,0.2,1.0,0.265,56.98,SINGLE_RECORDING
63,24.3732946,88.5313747,1,1,1,REC_0016,1,0,BUMP,1.0,0.0,0.0,1.853,4.991,0.61,0.2,1.0,0.264,56.97,SINGLE_RECORDING
7,24.385277203,88.618734913,1,1,1,REC_0004,1,0,BUMP,1.0,0.0,0.0,2.047,4.528,0.538,0.2,1.0,0.263,56.95,SINGLE_RECORDING
69,24.38701617,88.594164275,1,1,1,REC_0017,1,0,BUMP,1.0,0.0,0.0,1.701,5.275,0.6,0.2,1.0,0.255,56.82,SINGLE_RECORDING
26,24.401974315,88.61670999799999,1,1,1,REC_0004,1,0,BUMP,1.0,0.0,0.0,1.973,4.482,0.545,0.2,1.0,0.253,56.8,SINGLE_RECORDING
259,24.513144554,88.562350476,1,1,1,REC_0086,1,0,BUMP,1.0,0.0,0.0,1.656,4.763,0.788,0.2,1.0,0.251,56.76,SINGLE_RECORDING
160,24.403256803,88.584901922,1,1,1,REC_0068,1,0,BUMP,1.0,0.0,0.0,1.766,4.515,0.726,0.2,1.0,0.249,56.73,SINGLE_RECORDING
52,24.377094064,88.58885418599999,1,1,1,REC_0010,0,1,POTHOLE,1.0,0.0,0.0,1.896,4.052,0.73,0.2,1.0,0.248,56.72,SINGLE_RECORDING
330,24.45298041,88.607643465,1,1,1,REC_0091,1,0,BUMP,1.0,0.0,0.0,1.846,4.604,0.586,0.2,1.0,0.246,56.69,SINGLE_RECORDING
96,24.374319997,88.642973399,1,1,1,REC_0039,1,0,BUMP,1.0,0.0,0.0,1.813,4.437,0.666,0.2,1.0,0.245,56.67,SINGLE_RECORDING
62,24.387088826,88.55568223099999,1,1,1,REC_0015,1,0,BUMP,1.0,0.0,0.0,1.84,4.982,0.422,0.2,1.0,0.241,56.62,SINGLE_RECORDING
94,24.377410225,88.643052177,1,1,1,REC_0038,0,1,POTHOLE,1.0,0.0,0.0,1.878,4.703,0.463,0.2,1.0,0.24,56.61,SINGLE_RECORDING
77,24.370415252,88.60296412,1,1,1,REC_0022,1,0,BUMP,1.0,0.0,0.0,1.857,4.85,0.428,0.2,1.0,0.239,56.59,SINGLE_RECORDING
290,24.492270431,88.577188667,1,1,1,REC_0088,0,1,POTHOLE,1.0,0.0,0.0,1.777,4.766,0.53,0.2,1.0,0.238,56.56,SINGLE_RECORDING
316,24.46956725,88.594828616,1,1,1,REC_0090,1,0,BUMP,1.0,0.0,0.0,1.723,4.997,0.462,0.2,1.0,0.232,56.48,SINGLE_RECORDING
1,24.373774168,88.561941671,1,1,1,REC_0002,0,1,POTHOLE,1.0,0.0,0.0,1.496,4.097,1.014,0.2,1.0,0.231,56.47,SINGLE_RECORDING
129,24.370380592,88.619204148,1,1,1,REC_0053,1,0,BUMP,1.0,0.0,0.0,1.806,4.16,0.641,0.2,1.0,0.231,56.46,SINGLE_RECORDING
319,24.470726434,88.594278137,1,1,1,REC_0090,1,0,BUMP,1.0,0.0,0.0,1.803,4.805,0.427,0.2,1.0,0.231,56.46,SINGLE_RECORDING
211,24.53734414,88.57395432,1,1,1,REC_0083,1,0,BUMP,1.0,0.0,0.0,1.721,4.356,0.649,0.2,1.0,0.228,56.43,SINGLE_RECORDING
322,24.471732966,88.593692992,1,1,1,REC_0090,1,0,BUMP,1.0,0.0,0.0,1.741,4.676,0.515,0.2,1.0,0.228,56.42,SINGLE_RECORDING
8,24.386427726,88.61858152299999,1,1,1,REC_0004,1,0,BUMP,1.0,0.0,0.0,1.789,4.209,0.595,0.2,1.0,0.225,56.38,SINGLE_RECORDING
20,24.397446876,88.617005148,1,1,1,REC_0004,0,1,POTHOLE,1.0,0.0,0.0,1.742,4.214,0.644,0.2,1.0,0.225,56.38,SINGLE_RECORDING
275,24.506405464,88.56799062,1,1,1,REC_0087,0,1,POTHOLE,1.0,0.0,0.0,1.846,4.182,0.53,0.2,1.0,0.224,56.36,SINGLE_RECORDING
102,24.365381053,88.674720631,1,1,1,REC_0043,1,0,BUMP,1.0,0.0,0.0,1.724,4.409,0.585,0.2,1.0,0.224,56.35,SINGLE_RECORDING
287,24.488660369999998,88.579123614,2,1,1,REC_0088,1,0,BUMP,1.0,11.11,11.11,3.725,8.167,1.484,0.2,0.63,0.715,56.31,SINGLE_RECORDING
235,24.534911262,88.570880292,1,1,1,REC_0084,0,1,POTHOLE,1.0,0.0,0.0,1.864,3.818,0.539,0.2,1.0,0.214,56.21,SINGLE_RECORDING
263,24.516208289,88.559766516,1,1,1,REC_0086,1,0,BUMP,1.0,0.0,0.0,1.828,4.005,0.517,0.2,1.0,0.214,56.21,SINGLE_RECORDING
0,24.374822412,88.604294156,1,1,1,REC_0001,0,1,POTHOLE,1.0,0.0,0.0,1.493,5.06,0.465,0.2,1.0,0.206,56.09,SINGLE_RECORDING
89,24.375845424,88.6369295,1,1,1,REC_0034,1,0,BUMP,1.0,0.0,0.0,1.645,4.546,0.452,0.2,1.0,0.204,56.06,SINGLE_RECORDING
268,24.519949248,88.559898146,1,1,1,REC_0086,1,0,BUMP,1.0,0.0,0.0,1.699,3.732,0.632,0.2,1.0,0.2,56.0,SINGLE_RECORDING
284,24.48782474,88.581871894,1,1,1,REC_0088,0,1,POTHOLE,1.0,0.0,0.0,1.787,3.796,0.474,0.2,1.0,0.196,55.94,SINGLE_RECORDING
133,24.37352192,88.53676102,1,1,1,REC_0055,1,0,BUMP,1.0,0.0,0.0,1.619,4.057,0.511,0.2,1.0,0.189,55.84,SINGLE_RECORDING
11,24.389800176,88.618054076,1,1,1,REC_0004,1,0,BUMP,1.0,0.0,0.0,1.657,3.862,0.52,0.2,1.0,0.188,55.81,SINGLE_RECORDING
117,24.367449765,88.757501866,2,1,1,REC_0047,1,0,BUMP,1.0,6.91,6.91,2.726,6.813,0.96,0.2,0.77,0.481,55.6,SINGLE_RECORDING
67,24.3877095,88.59291438000001,1,1,1,REC_0017,1,1,MIXED,0.5,0.0,0.0,5.44,14.621,2.695,0.2,1.0,1.0,55.5,SINGLE_RECORDING
152,24.374279043,88.542577564,1,1,1,REC_0065,1,1,MIXED,0.5,0.0,0.0,5.278,15.366,2.701,0.2,1.0,1.0,55.5,SINGLE_RECORDING
203,24.530767104,88.589736974,1,1,1,REC_0082,1,1,MIXED,0.5,0.0,0.0,8.557,21.486,3.169,0.2,1.0,1.0,55.5,SINGLE_RECORDING
213,24.53409837,88.575862305,1,1,1,REC_0083,1,1,MIXED,0.5,0.0,0.0,5.883,13.464,1.94,0.2,1.0,0.993,55.4,SINGLE_RECORDING
59,24.381150576,88.587454104,1,1,1,REC_0013,1,1,MIXED,0.5,0.0,0.0,4.975,13.862,1.928,0.2,1.0,0.989,55.33,SINGLE_RECORDING
101,24.365180771,88.667830101,4,4,1,DUP_0042,1,0,BUMP,1.0,0.0,0.0,1.483,3.734,0.412,0.2,1.0,0.149,55.23,SINGLE_RECORDING
220,24.53153094,88.58270365999999,1,1,1,REC_0083,1,1,MIXED,0.5,0.0,0.0,4.856,11.369,1.913,0.2,1.0,0.972,55.08,SINGLE_RECORDING
216,24.532775445,88.57963929,1,1,1,REC_0083,0,1,POTHOLE,1.0,0.0,0.0,1.347,3.567,0.473,0.2,1.0,0.132,54.99,SINGLE_RECORDING
85,24.375711625,88.6227929475,2,2,2,REC_0030|REC_0031,0,2,POTHOLE,1.0,13.65,13.65,1.714,3.704,0.66,0.4,0.545,0.204,54.96,MODERATE
205,24.529632988,88.59765498,1,1,1,REC_0082,1,1,MIXED,0.5,0.0,0.0,5.503,13.458,1.678,0.2,1.0,0.964,54.96,SINGLE_RECORDING
48,24.377836736375,88.624578942,2,1,1,REC_0006,0,1,POTHOLE,1.0,4.68,4.68,1.976,5.459,0.823,0.2,0.844,0.321,54.69,SINGLE_RECORDING
79,24.37414811725,88.6035968155,2,1,1,REC_0024,0,1,POTHOLE,1.0,6.06,6.06,2.268,5.899,0.663,0.2,0.798,0.356,54.3,SINGLE_RECORDING
10,24.388829337,88.618199568,2,1,1,REC_0004,1,0,BUMP,1.0,10.95,10.95,3.221,6.885,1.123,0.2,0.635,0.563,54.15,SINGLE_RECORDING
314,24.468728356,88.595098216,2,1,1,REC_0090,0,1,POTHOLE,1.0,10.72,10.72,2.845,8.47,0.829,0.2,0.643,0.543,54.0,SINGLE_RECORDING
84,24.38492849,88.5503771265,2,1,1,REC_0028,1,0,BUMP,1.0,8.34,8.34,2.542,6.292,0.855,0.2,0.722,0.426,53.84,SINGLE_RECORDING
70,24.386899229999997,88.5945466,2,1,1,REC_0017,1,0,BUMP,1.0,9.37,9.37,2.469,5.816,1.491,0.2,0.688,0.47,53.8,SINGLE_RECORDING
65,24.38830468,88.59212553,1,1,1,REC_0017,1,1,MIXED,0.5,0.0,0.0,4.396,9.248,1.845,0.2,1.0,0.879,53.69,SINGLE_RECORDING
139,24.417739216,88.5293110245,2,1,1,REC_0058,1,0,BUMP,1.0,11.1,11.1,2.825,7.39,1.01,0.2,0.63,0.52,53.4,SINGLE_RECORDING
153,24.373364018,88.540285452,1,1,1,REC_0065,1,1,MIXED,0.5,0.0,0.0,4.343,11.162,1.455,0.2,1.0,0.857,53.36,SINGLE_RECORDING
66,24.388017825,88.5925272575,2,1,1,REC_0017,0,1,POTHOLE,1.0,7.55,7.55,2.128,5.488,0.718,0.2,0.748,0.329,52.91,SINGLE_RECORDING
222,24.521934113,88.55996488299999,2,1,1,REC_0084,1,0,BUMP,1.0,7.34,7.34,1.935,4.986,0.811,0.2,0.755,0.297,52.56,SINGLE_RECORDING
149,24.435817999,88.535110297,2,1,1,REC_0062,1,0,BUMP,1.0,6.67,6.67,1.872,4.917,0.619,0.2,0.778,0.265,52.53,SINGLE_RECORDING
188,24.3631067555,88.628893656,2,1,1,REC_0079,1,0,BUMP,1.0,7.2,7.2,2.022,4.549,0.668,0.2,0.76,0.275,52.33,SINGLE_RECORDING
217,24.53292536,88.580182685,1,1,1,REC_0083,1,1,MIXED,0.5,0.0,0.0,3.869,10.915,1.252,0.2,1.0,0.776,52.13,SINGLE_RECORDING
115,24.366754502,88.756305349,2,1,1,REC_0047,0,1,POTHOLE,1.0,14.48,14.48,3.298,7.303,1.055,0.2,0.517,0.581,52.06,SINGLE_RECORDING
175,24.37634564830769,88.54783800115385,2,1,1,REC_0073,1,0,BUMP,1.0,8.43,8.43,1.953,5.404,0.476,0.2,0.719,0.277,51.54,SINGLE_RECORDING
185,24.370452634,88.722806639,2,1,1,REC_0077,1,0,BUMP,1.0,9.22,9.22,2.025,5.237,0.712,0.2,0.693,0.306,51.45,SINGLE_RECORDING
312,24.467387562145834,88.59546601335417,2,1,1,REC_0090,0,1,POTHOLE,1.0,10.71,10.71,2.19,5.515,0.684,0.2,0.643,0.334,50.88,SINGLE_RECORDING
320,24.471070079,88.594102032,2,1,1,REC_0090,1,0,BUMP,1.0,10.97,10.97,2.194,6.063,0.57,0.2,0.634,0.343,50.83,SINGLE_RECORDING
165,24.4454816175,88.55700140249999,2,1,1,REC_0070,1,0,BUMP,1.0,10.3,10.3,2.225,4.997,0.61,0.2,0.657,0.311,50.8,SINGLE_RECORDING
147,24.43192351,88.53372855,1,1,1,REC_0061,1,1,MIXED,0.5,0.0,0.0,3.567,9.466,0.819,0.2,1.0,0.67,50.54,SINGLE_RECORDING
210,24.537759304761902,88.57234946666667,3,1,1,REC_0083,1,0,BUMP,1.0,12.61,12.65,2.074,6.642,0.744,0.2,0.58,0.369,50.13,SINGLE_RECORDING
92,24.376125818888887,88.64194657327161,2,1,1,REC_0037,1,0,BUMP,1.0,12.53,12.53,2.026,5.712,1.058,0.2,0.582,0.363,50.09,SINGLE_RECORDING
318,24.4703332625,88.594490356,2,1,1,REC_0090,1,0,BUMP,1.0,10.61,10.61,1.862,5.469,0.52,0.2,0.646,0.273,50.03,SINGLE_RECORDING
219,24.53189035,88.58175629,5,1,1,REC_0083,0,1,POTHOLE,1.0,11.03,22.67,1.851,5.335,0.564,0.2,0.632,0.272,49.73,SINGLE_RECORDING
49,24.378406546999997,88.62471011400001,2,1,1,REC_0006,0,1,POTHOLE,1.0,13.23,13.23,1.953,5.302,1.312,0.2,0.559,0.366,49.68,SINGLE_RECORDING
327,24.452500064,88.61051654,1,1,1,REC_0091,1,1,MIXED,0.5,0.0,0.0,3.025,8.144,1.156,0.2,1.0,0.59,49.35,SINGLE_RECORDING
159,24.404830228,88.580245794,1,1,1,REC_0066,1,1,MIXED,0.5,0.0,0.0,3.378,7.544,0.943,0.2,1.0,0.588,49.32,SINGLE_RECORDING
182,24.46857038421053,88.53229158842105,1,1,1,REC_0074,1,1,MIXED,0.5,0.0,0.0,2.832,9.15,0.991,0.2,1.0,0.585,49.28,SINGLE_RECORDING
146,24.43274088,88.53373557,1,1,1,REC_0061,1,1,MIXED,0.5,0.0,0.0,3.193,7.687,1.03,0.2,1.0,0.58,49.19,SINGLE_RECORDING
286,24.488325316,88.57962788149999,2,1,1,REC_0088,1,0,BUMP,1.0,14.99,14.99,2.434,5.851,0.804,0.2,0.5,0.391,48.87,SINGLE_RECORDING
311,24.466834336,88.59560494,3,1,1,REC_0090,0,1,POTHOLE,1.0,11.87,19.34,1.869,4.387,0.591,0.2,0.604,0.242,48.71,SINGLE_RECORDING
38,24.380843806999998,88.622312399,2,1,1,REC_0005,1,0,BUMP,1.0,11.8,11.8,1.663,4.284,0.793,0.2,0.607,0.235,48.65,SINGLE_RECORDING
71,24.390131752000002,88.596307728,2,1,1,REC_0018,1,0,BUMP,1.0,12.91,12.91,1.974,5.107,0.605,0.2,0.57,0.283,48.65,SINGLE_RECORDING
181,24.375055005,88.544523733,2,1,1,REC_0073,1,0,BUMP,1.0,12.91,12.91,1.975,5.005,0.58,0.2,0.57,0.277,48.55,SINGLE_RECORDING
145,24.43327944,88.53360337,1,1,1,REC_0061,1,1,MIXED,0.5,0.0,0.0,2.586,7.811,1.163,0.2,1.0,0.523,48.35,SINGLE_RECORDING
99,24.3728755325,88.6427472815,2,1,1,REC_0040,0,1,POTHOLE,1.0,14.72,14.72,2.216,5.111,0.817,0.2,0.509,0.337,48.24,SINGLE_RECORDING
189,24.363480240500003,88.6290465505,2,1,1,REC_0080,0,1,POTHOLE,1.0,12.21,12.21,1.811,4.168,0.526,0.2,0.593,0.219,48.14,SINGLE_RECORDING
30,24.404910238,88.616602653,3,1,1,REC_0004,0,1,POTHOLE,1.0,27.04,28.11,4.383,9.878,1.562,0.2,0.099,0.87,48.02,SINGLE_RECORDING
39,24.38085683,88.621603995,3,1,1,REC_0005,0,1,POTHOLE,1.0,16.13,19.99,2.445,5.831,0.715,0.2,0.462,0.382,47.97,SINGLE_RECORDING
91,24.373569524,88.533744332,1,1,1,REC_0035,1,1,MIXED,0.5,0.0,0.0,2.752,7.53,0.824,0.2,1.0,0.496,47.94,SINGLE_RECORDING
86,24.375748167575757,88.62555200922222,2,1,1,REC_0032,0,1,POTHOLE,1.0,14.1,14.1,1.905,4.618,0.575,0.2,0.53,0.253,47.4,SINGLE_RECORDING
144,24.433576305,88.53353927,1,1,1,REC_0061,1,1,MIXED,0.5,0.0,0.0,2.518,6.568,1.018,0.2,1.0,0.452,47.28,SINGLE_RECORDING
82,24.376294705,88.60503484899999,8,2,1,DUP_0027,0,1,POTHOLE,1.0,14.41,34.86,1.849,4.409,0.584,0.2,0.52,0.239,46.98,SINGLE_RECORDING
40,24.381122112,88.620391608,5,1,1,REC_0005,0,1,POTHOLE,1.0,14.31,31.23,1.684,4.306,0.53,0.2,0.523,0.209,46.59,SINGLE_RECORDING
111,24.368116536,88.75135645399999,1,1,1,REC_0046,1,1,MIXED,0.5,0.0,0.0,2.092,8.319,0.461,0.2,1.0,0.402,46.54,SINGLE_RECORDING
324,24.472603987,88.593138689,1,1,1,REC_0090,1,1,MIXED,0.5,0.0,0.0,2.227,7.462,0.586,0.2,1.0,0.401,46.52,SINGLE_RECORDING
55,24.37964126141414,88.5894954629697,2,1,1,REC_0010,1,0,BUMP,1.0,14.56,14.56,1.709,3.951,0.51,0.2,0.515,0.196,46.24,SINGLE_RECORDING
41,24.381185514,88.619600954,1,1,1,REC_0005,1,1,MIXED,0.5,0.0,0.0,2.271,6.148,0.653,0.2,1.0,0.365,45.97,SINGLE_RECORDING
81,24.37452705,88.60760862400001,1,1,1,REC_0026,1,1,MIXED,0.5,0.0,0.0,2.125,5.067,0.747,0.2,1.0,0.316,45.25,SINGLE_RECORDING
78,24.3728377595,88.60297189299999,4,1,1,REC_0023,0,1,POTHOLE,1.0,17.75,30.82,1.671,4.692,0.571,0.2,0.408,0.226,44.56,SINGLE_RECORDING
273,24.504607487,88.569542986,1,1,1,REC_0087,1,1,MIXED,0.5,0.0,0.0,1.896,4.386,0.585,0.2,1.0,0.244,44.16,SINGLE_RECORDING
17,24.395246318,88.61724576363638,3,1,1,REC_0004,1,1,MIXED,0.667,11.87,28.06,2.576,7.137,0.87,0.2,0.604,0.464,43.71,SINGLE_RECORDING
303,24.463400679940676,88.59615765225423,2,1,1,REC_0090,1,1,MIXED,0.667,10.31,10.31,2.385,5.764,0.621,0.2,0.656,0.361,43.21,SINGLE_RECORDING
177,24.375889981,88.546706085,1,1,1,REC_0073,0,0,UNKNOWN,0.0,0.0,0.0,5.025,12.795,2.22,0.2,1.0,1.0,43.0,SINGLE_RECORDING
19,24.39689532277228,88.617039012,3,1,1,REC_0004,0,1,POTHOLE,1.0,22.47,23.96,1.896,5.25,0.57,0.2,0.251,0.275,42.15,SINGLE_RECORDING
296,24.477135205,88.59010895,4,1,1,REC_0089,1,0,BUMP,1.0,24.61,41.99,2.211,6.38,0.677,0.2,0.18,0.369,42.12,SINGLE_RECORDING
297,24.47795716,88.5895659,1,1,1,REC_0089,0,0,UNKNOWN,0.0,0.0,0.0,4.6,9.596,1.538,0.2,1.0,0.884,41.25,SINGLE_RECORDING
51,24.37649813861386,88.58885131188119,3,1,1,REC_0010,1,1,MIXED,0.667,10.28,24.94,1.691,4.119,0.658,0.2,0.657,0.217,41.07,SINGLE_RECORDING
218,24.53256717,88.58130037000001,1,1,1,REC_0083,0,0,UNKNOWN,0.0,0.0,0.0,4.324,9.691,1.546,0.2,1.0,0.853,40.8,SINGLE_RECORDING
207,24.529061649,88.601888724,1,1,1,REC_0082,0,0,UNKNOWN,0.0,0.0,0.0,4.469,10.382,1.066,0.2,1.0,0.83,40.45,SINGLE_RECORDING
157,24.40403069272727,88.58044658654546,2,1,1,REC_0066,1,1,MIXED,0.5,8.33,8.33,2.167,5.889,0.69,0.2,0.722,0.346,40.14,SINGLE_RECORDING
64,24.38843354,88.5917905775,2,1,1,REC_0017,1,1,MIXED,0.5,6.42,6.42,1.731,4.489,0.571,0.2,0.786,0.226,39.61,SINGLE_RECORDING
293,24.474414359999997,88.59196116250001,2,1,1,REC_0089,1,1,MIXED,0.5,9.56,9.56,2.349,6.026,0.578,0.2,0.681,0.362,39.55,SINGLE_RECORDING
13,24.391074654,88.617823787,1,1,1,REC_0004,0,0,UNKNOWN,0.0,0.0,0.0,3.798,9.275,1.459,0.2,1.0,0.762,39.44,SINGLE_RECORDING
105,24.373462082499998,88.53301380549999,2,1,1,REC_0044,1,1,MIXED,0.5,10.8,10.8,2.369,5.793,1.027,0.2,0.64,0.405,39.38,SINGLE_RECORDING
15,24.39252504,88.617604097,1,1,1,REC_0004,0,0,UNKNOWN,0.0,0.0,0.0,3.671,10.249,1.087,0.2,1.0,0.732,38.99,SINGLE_RECORDING
212,24.53721544,88.57458754,1,1,1,REC_0083,0,0,UNKNOWN,0.0,0.0,0.0,3.607,8.673,1.04,0.2,1.0,0.669,38.04,SINGLE_RECORDING
53,24.377574373,88.58895358,1,1,1,REC_0010,0,0,UNKNOWN,0.0,0.0,0.0,3.237,8.16,1.359,0.2,1.0,0.639,37.59,SINGLE_RECORDING
163,24.42392453690476,88.56605204,3,1,1,REC_0069,1,1,MIXED,0.5,10.27,16.91,1.868,4.488,0.519,0.2,0.658,0.237,37.21,SINGLE_RECORDING
125,24.380581486,88.58505556099999,1,1,1,REC_0052,0,0,UNKNOWN,0.0,0.0,0.0,3.386,6.863,1.082,0.2,1.0,0.579,36.68,SINGLE_RECORDING
54,24.378587088,88.58923462999999,7,1,1,REC_0010,1,0,BUMP,1.0,35.87,65.02,1.756,5.047,0.475,0.2,0.0,0.239,36.59,SINGLE_RECORDING
178,24.375777464,88.54640748,1,1,1,REC_0073,0,0,UNKNOWN,0.0,0.0,0.0,3.089,6.168,0.954,0.2,1.0,0.501,35.52,SINGLE_RECORDING
344,24.4574788,88.59676780000001,1,1,1,REC_0091,0,0,UNKNOWN,0.0,0.0,0.0,2.699,6.391,0.944,0.2,1.0,0.46,34.9,SINGLE_RECORDING
134,24.373773205,88.53575179,6,1,1,REC_0055,1,1,MIXED,0.667,20.58,47.07,1.932,4.783,0.501,0.2,0.314,0.254,34.76,SINGLE_RECORDING
279,24.483306246,88.585981876,1,1,1,REC_0088,0,0,UNKNOWN,0.0,0.0,0.0,2.577,5.893,0.645,0.2,1.0,0.393,33.89,SINGLE_RECORDING
4,24.417707809,88.610848908,1,1,1,REC_0003,0,0,UNKNOWN,0.0,0.0,0.0,2.548,5.743,0.674,0.2,1.0,0.387,33.8,SINGLE_RECORDING
186,24.37086595,88.72244678199999,1,1,1,REC_0077,0,0,UNKNOWN,0.0,0.0,0.0,2.428,5.981,0.724,0.2,1.0,0.386,33.79,SINGLE_RECORDING
299,24.460521944,88.59637376399999,1,1,1,REC_0090,0,0,UNKNOWN,0.0,0.0,0.0,2.283,5.725,0.807,0.2,1.0,0.368,33.51,SINGLE_RECORDING
249,24.509944796,88.632038584,1,1,1,REC_0085,0,0,UNKNOWN,0.0,0.0,0.0,2.233,5.443,0.926,0.2,1.0,0.364,33.46,SINGLE_RECORDING
242,24.512772608,88.63579267200001,1,1,1,REC_0085,0,0,UNKNOWN,0.0,0.0,0.0,2.271,5.374,0.856,0.2,1.0,0.358,33.37,SINGLE_RECORDING
332,24.4523961,88.60380656000001,1,1,1,REC_0091,0,0,UNKNOWN,0.0,0.0,0.0,2.386,4.91,0.855,0.2,1.0,0.355,33.33,SINGLE_RECORDING
289,24.49131704,88.577730912,1,1,1,REC_0088,0,0,UNKNOWN,0.0,0.0,0.0,2.382,5.556,0.609,0.2,1.0,0.352,33.27,SINGLE_RECORDING
252,24.508336133,88.62953026,1,1,1,REC_0085,0,0,UNKNOWN,0.0,0.0,0.0,2.296,5.691,0.602,0.2,1.0,0.345,33.18,SINGLE_RECORDING
100,24.365182931578943,88.66719730000001,4,4,1,DUP_0042,0,0,UNKNOWN,0.0,0.0,0.0,2.026,5.479,0.963,0.2,1.0,0.343,33.15,SINGLE_RECORDING
241,24.513368031,88.635428244,1,1,1,REC_0085,0,0,UNKNOWN,0.0,0.0,0.0,2.293,5.679,0.581,0.2,1.0,0.342,33.13,SINGLE_RECORDING
336,24.45243452,88.60202174,1,1,1,REC_0091,0,0,UNKNOWN,0.0,0.0,0.0,2.136,5.094,0.853,0.2,1.0,0.331,32.96,SINGLE_RECORDING
23,24.39909067777777,88.61690307777778,1,1,1,REC_0004,0,0,UNKNOWN,0.0,0.0,0.0,2.257,5.109,0.689,0.2,1.0,0.328,32.92,SINGLE_RECORDING
278,24.482481778,88.586560272,1,1,1,REC_0088,0,0,UNKNOWN,0.0,0.0,0.0,2.19,4.958,0.76,0.2,1.0,0.322,32.83,SINGLE_RECORDING
298,24.478615,88.5891037,1,1,1,REC_0089,0,0,UNKNOWN,0.0,0.0,0.0,2.236,4.603,0.791,0.2,1.0,0.318,32.77,SINGLE_RECORDING
302,24.462634706,88.596211716,1,1,1,REC_0090,0,0,UNKNOWN,0.0,0.0,0.0,2.227,4.879,0.704,0.2,1.0,0.317,32.76,SINGLE_RECORDING
104,24.365426206,88.675790303,1,1,1,REC_0043,0,0,UNKNOWN,0.0,0.0,0.0,2.095,5.778,0.537,0.2,1.0,0.316,32.74,SINGLE_RECORDING
334,24.4523442,88.603027745,1,1,1,REC_0091,0,0,UNKNOWN,0.0,0.0,0.0,2.114,5.142,0.731,0.2,1.0,0.316,32.74,SINGLE_RECORDING
285,24.487896953,88.581538241,1,1,1,REC_0088,0,0,UNKNOWN,0.0,0.0,0.0,1.962,5.136,0.893,0.2,1.0,0.315,32.72,SINGLE_RECORDING
237,24.51426185,88.631950102,1,1,1,REC_0085,0,0,UNKNOWN,0.0,0.0,0.0,2.018,4.84,0.856,0.2,1.0,0.307,32.6,SINGLE_RECORDING
201,24.514535262,88.630829482,1,1,1,REC_0081,0,0,UNKNOWN,0.0,0.0,0.0,1.979,5.308,0.706,0.2,1.0,0.303,32.54,SINGLE_RECORDING
240,24.513531884,88.63469961599999,1,1,1,REC_0085,0,0,UNKNOWN,0.0,0.0,0.0,2.039,4.944,0.743,0.2,1.0,0.301,32.51,SINGLE_RECORDING
198,24.515893766,88.626363748,1,1,1,REC_0081,0,0,UNKNOWN,0.0,0.0,0.0,2.188,4.624,0.671,0.2,1.0,0.299,32.49,SINGLE_RECORDING
72,24.394672426,88.572244146,1,1,1,REC_0019,0,0,UNKNOWN,0.0,0.0,0.0,2.143,4.901,0.609,0.2,1.0,0.297,32.46,SINGLE_RECORDING
191,24.520989878,88.62089354,1,1,1,REC_0081,0,0,UNKNOWN,0.0,0.0,0.0,2.128,5.023,0.521,0.2,1.0,0.29,32.35,SINGLE_RECORDING
250,24.509205402,88.630886109,1,1,1,REC_0085,0,0,UNKNOWN,0.0,0.0,0.0,2.164,4.622,0.542,0.2,1.0,0.282,32.23,SINGLE_RECORDING
248,24.51031061,88.63260031,1,1,1,REC_0085,0,0,UNKNOWN,0.0,0.0,0.0,2.024,4.901,0.574,0.2,1.0,0.278,32.18,SINGLE_RECORDING
68,24.38747399,88.59388215,3,1,1,REC_0017,1,1,MIXED,0.5,19.01,22.8,2.04,4.901,0.647,0.2,0.366,0.288,32.16,SINGLE_RECORDING
277,24.480873611,88.587598903,1,1,1,REC_0088,0,0,UNKNOWN,0.0,0.0,0.0,1.958,4.85,0.628,0.2,1.0,0.274,32.11,SINGLE_RECORDING
288,24.4905621,88.57822832000001,1,1,1,REC_0088,0,0,UNKNOWN,0.0,0.0,0.0,1.95,4.682,0.675,0.2,1.0,0.272,32.08,SINGLE_RECORDING
36,24.380809531,88.623156717,1,1,1,REC_0005,0,0,UNKNOWN,0.0,0.0,0.0,1.882,5.097,0.601,0.2,1.0,0.271,32.06,SINGLE_RECORDING
342,24.45582306,88.59660008,1,1,1,REC_0091,0,0,UNKNOWN,0.0,0.0,0.0,1.941,4.845,0.573,0.2,1.0,0.266,31.99,SINGLE_RECORDING
196,24.51605952,88.62503917,1,1,1,REC_0081,0,0,UNKNOWN,0.0,0.0,0.0,1.866,4.503,0.748,0.2,1.0,0.263,31.95,SINGLE_RECORDING
253,24.50788204,88.62882486400001,1,1,1,REC_0085,0,0,UNKNOWN,0.0,0.0,0.0,2.0,4.592,0.563,0.2,1.0,0.263,31.94,SINGLE_RECORDING
25,24.40017829,88.616832762,1,1,1,REC_0004,0,0,UNKNOWN,0.0,0.0,0.0,1.933,4.717,0.591,0.2,1.0,0.262,31.93,SINGLE_RECORDING
244,24.51166073,88.63461384200001,1,1,1,REC_0085,0,0,UNKNOWN,0.0,0.0,0.0,1.945,4.751,0.561,0.2,1.0,0.261,31.92,SINGLE_RECORDING
135,24.4071537,88.523006775,1,1,1,REC_0056,0,0,UNKNOWN,0.0,0.0,0.0,1.894,4.685,0.623,0.2,1.0,0.259,31.89,SINGLE_RECORDING
233,24.534223541,88.569571155,1,1,1,REC_0084,0,0,UNKNOWN,0.0,0.0,0.0,1.954,4.622,0.478,0.2,1.0,0.248,31.73,SINGLE_RECORDING
58,24.377827007,88.58339096600001,1,1,1,REC_0012,0,0,UNKNOWN,0.0,0.0,0.0,1.751,3.682,1.022,0.2,1.0,0.248,31.72,SINGLE_RECORDING
166,24.45360852156863,88.53661259019609,1,1,1,REC_0071,0,0,UNKNOWN,0.0,0.0,0.0,1.871,4.741,0.514,0.2,1.0,0.247,31.7,SINGLE_RECORDING
206,24.529233144,88.600713272,1,1,1,REC_0082,0,0,UNKNOWN,0.0,0.0,0.0,1.923,4.492,0.534,0.2,1.0,0.246,31.69,SINGLE_RECORDING
14,24.391507042,88.61775327199999,1,1,1,REC_0004,0,0,UNKNOWN,0.0,0.0,0.0,1.808,4.584,0.61,0.2,1.0,0.243,31.65,SINGLE_RECORDING
341,24.45536768,88.59654167000001,1,1,1,REC_0091,0,0,UNKNOWN,0.0,0.0,0.0,1.917,4.474,0.516,0.2,1.0,0.243,31.64,SINGLE_RECORDING
88,24.3758384,88.6360331,1,1,1,REC_0034,0,0,UNKNOWN,0.0,0.0,0.0,1.906,4.53,0.491,0.2,1.0,0.24,31.61,SINGLE_RECORDING
338,24.452903805,88.599929605,1,1,1,REC_0091,0,0,UNKNOWN,0.0,0.0,0.0,1.758,4.507,0.656,0.2,1.0,0.239,31.59,SINGLE_RECORDING
194,24.517417861,88.623805262,1,1,1,REC_0081,0,0,UNKNOWN,0.0,0.0,0.0,1.808,4.224,0.574,0.2,1.0,0.226,31.39,SINGLE_RECORDING
200,24.514900006,88.62952164,1,1,1,REC_0081,0,0,UNKNOWN,0.0,0.0,0.0,1.772,4.081,0.666,0.2,1.0,0.226,31.39,SINGLE_RECORDING
131,24.387963968,88.595495024,1,1,1,REC_0054,0,0,UNKNOWN,0.0,0.0,0.0,1.912,4.417,0.387,0.2,1.0,0.225,31.38,SINGLE_RECORDING
246,24.510910662,88.633508438,1,1,1,REC_0085,0,0,UNKNOWN,0.0,0.0,0.0,1.814,4.416,0.49,0.2,1.0,0.225,31.37,SINGLE_RECORDING
192,24.51938626,88.621819438,1,1,1,REC_0081,0,0,UNKNOWN,0.0,0.0,0.0,1.87,4.236,0.482,0.2,1.0,0.224,31.36,SINGLE_RECORDING
197,24.515878602,88.625591149,1,1,1,REC_0081,0,0,UNKNOWN,0.0,0.0,0.0,1.79,4.695,0.418,0.2,1.0,0.224,31.36,SINGLE_RECORDING
243,24.512099496,88.635119712,1,1,1,REC_0085,0,0,UNKNOWN,0.0,0.0,0.0,1.99,3.829,0.474,0.2,1.0,0.223,31.34,SINGLE_RECORDING
343,24.45638167,88.59666688,1,1,1,REC_0091,0,0,UNKNOWN,0.0,0.0,0.0,1.839,4.067,0.563,0.2,1.0,0.223,31.34,SINGLE_RECORDING
5,24.428455136,88.610749505,1,1,1,REC_0003,0,0,UNKNOWN,0.0,0.0,0.0,1.73,4.108,0.664,0.2,1.0,0.222,31.33,SINGLE_RECORDING
245,24.511178192,88.633914073,1,1,1,REC_0085,0,0,UNKNOWN,0.0,0.0,0.0,1.849,4.062,0.541,0.2,1.0,0.221,31.32,SINGLE_RECORDING
251,24.508619161,88.629946271,1,1,1,REC_0085,0,0,UNKNOWN,0.0,0.0,0.0,1.794,3.781,0.665,0.2,1.0,0.218,31.27,SINGLE_RECORDING
193,24.51773621,88.623607129,1,1,1,REC_0081,0,0,UNKNOWN,0.0,0.0,0.0,1.695,4.316,0.594,0.2,1.0,0.218,31.26,SINGLE_RECORDING
172,24.46434954,88.53302170399999,1,1,1,REC_0072,0,0,UNKNOWN,0.0,0.0,0.0,1.869,4.154,0.415,0.2,1.0,0.213,31.2,SINGLE_RECORDING
247,24.510732747,88.633229113,1,1,1,REC_0085,0,0,UNKNOWN,0.0,0.0,0.0,1.867,3.84,0.513,0.2,1.0,0.212,31.18,SINGLE_RECORDING
276,24.480283096,88.588001032,1,1,1,REC_0088,0,0,UNKNOWN,0.0,0.0,0.0,1.897,3.482,0.518,0.2,1.0,0.203,31.05,SINGLE_RECORDING
199,24.5157199,88.62701498999999,1,1,1,REC_0081,0,0,UNKNOWN,0.0,0.0,0.0,1.64,4.273,0.473,0.2,1.0,0.196,30.93,SINGLE_RECORDING
325,24.452398644444447,88.61214473333334,1,1,1,REC_0091,0,0,UNKNOWN,0.0,0.0,0.0,1.771,3.883,0.449,0.2,1.0,0.195,30.92,SINGLE_RECORDING
238,24.514028277,88.632887605,1,1,1,REC_0085,0,0,UNKNOWN,0.0,0.0,0.0,1.867,3.541,0.419,0.2,1.0,0.19,30.86,SINGLE_RECORDING
195,24.516268,88.624844498,1,1,1,REC_0081,0,0,UNKNOWN,0.0,0.0,0.0,1.655,4.27,0.404,0.2,1.0,0.19,30.84,SINGLE_RECORDING
121,24.381248632,88.769490848,1,1,1,REC_0048,0,0,UNKNOWN,0.0,0.0,0.0,1.66,3.831,0.476,0.2,1.0,0.182,30.73,SINGLE_RECORDING
333,24.452359135,88.603419545,1,1,1,REC_0091,0,0,UNKNOWN,0.0,0.0,0.0,1.733,3.811,0.392,0.2,1.0,0.181,30.71,SINGLE_RECORDING
127,24.370937289,88.61821047800001,1,1,1,REC_0053,0,0,UNKNOWN,0.0,0.0,0.0,1.505,3.599,0.613,0.2,1.0,0.169,30.53,SINGLE_RECORDING
339,24.453112355,88.59942575,1,1,1,REC_0091,0,0,UNKNOWN,0.0,0.0,0.0,1.576,3.737,0.451,0.2,1.0,0.165,30.48,SINGLE_RECORDING
130,24.387589601,88.595264421,1,1,1,REC_0054,0,0,UNKNOWN,0.0,0.0,0.0,1.422,3.58,0.509,0.2,1.0,0.146,30.2,SINGLE_RECORDING
