cluster_id,latitude,longitude,event_count,unique_recordings,labels,multi_recording,original_recordings,independent_recording_groups,recording_groups,bump_events,pothole_events,unknown_event_count,mixed_events,has_moving_evidence,independent_recording_score,observation_score,classification_consistency,anomaly_presence_score,confirmation_bonus,road_risk_score,road_anomaly_type,risk_level,maintenance_priority
85,24.375711625,88.6227929475,2,2,Pothole,True,2,2,REC_34.csv|REC_35.csv,0,2,0,0,True,0.6666666666666666,0.4,1.0,1.0,1.0,78.66666666666666,POTHOLE,HIGH,PRIORITY INSPECTION
82,24.376294705,88.60503484899999,8,2,Pothole,True,2,1,DUP_0027,0,8,0,0,True,0.3333333333333333,1.0,1.0,1.0,0.0,53.33333333333333,POTHOLE,WEAK,MONITOR
219,24.53189035,88.58175629,5,1,Pothole,False,1,1,REC_90.csv,0,5,0,0,True,0.3333333333333333,1.0,1.0,1.0,0.0,53.33333333333333,POTHOLE,WEAK,MONITOR
101,24.365180771,88.667830101,4,4,Bump,True,4,1,DUP_0042,4,0,0,0,True,0.3333333333333333,0.8,1.0,1.0,0.0,52.33333333333333,BUMP,WEAK,MONITOR
39,24.38085683,88.621603995,3,1,Pothole,False,1,1,REC_102.csv,0,3,0,0,True,0.3333333333333333,0.6,1.0,1.0,0.0,51.33333333333333,POTHOLE,WEAK,MONITOR
210,24.537759304761902,88.57234946666667,3,1,Bump,False,1,1,REC_90.csv,3,0,0,0,True,0.3333333333333333,0.6,1.0,1.0,0.0,51.33333333333333,BUMP,WEAK,MONITOR
311,24.466834336,88.59560494,3,1,Pothole,False,1,1,REC_97.csv,0,3,0,0,True,0.3333333333333333,0.6,1.0,1.0,0.0,51.33333333333333,POTHOLE,WEAK,MONITOR
83,24.375534808,88.604624896,2,2,Bump,True,2,1,DUP_0027,2,0,0,0,True,0.3333333333333333,0.4,1.0,1.0,0.0,50.33333333333333,BUMP,WEAK,MONITOR
10,24.388829337,88.618199568,2,1,Bump,False,1,1,REC_101.csv,2,0,0,0,True,0.3333333333333333,0.4,1.0,1.0,0.0,50.33333333333333,BUMP,WEAK,MONITOR
38,24.380843807,88.622312399,2,1,Bump,False,1,1,REC_102.csv,2,0,0,0,True,0.3333333333333333,0.4,1.0,1.0,0.0,50.33333333333333,BUMP,WEAK,MONITOR
48,24.377836736375,88.624578942,2,1,Pothole,False,1,1,REC_103.csv,0,2,0,0,True,0.3333333333333333,0.4,1.0,1.0,0.0,50.33333333333333,POTHOLE,WEAK,MONITOR
70,24.38689923,88.5945466,2,1,Bump,False,1,1,REC_20.csv,2,0,0,0,True,0.3333333333333333,0.4,1.0,1.0,0.0,50.33333333333333,BUMP,WEAK,MONITOR
71,24.390131752,88.596307728,2,1,Bump,False,1,1,REC_21.csv,2,0,0,0,True,0.3333333333333333,0.4,1.0,1.0,0.0,50.33333333333333,BUMP,WEAK,MONITOR
79,24.37414811725,88.6035968155,2,1,Pothole,False,1,1,REC_27.csv,0,2,0,0,True,0.3333333333333333,0.4,1.0,1.0,0.0,50.33333333333333,POTHOLE,WEAK,MONITOR
84,24.38492849,88.5503771265,2,1,Bump,False,1,1,REC_32.csv,2,0,0,0,True,0.3333333333333333,0.4,1.0,1.0,0.0,50.33333333333333,BUMP,WEAK,MONITOR
86,24.37574816757576,88.62555200922222,2,1,Pothole,False,1,1,REC_36.csv,0,2,0,0,True,0.3333333333333333,0.4,1.0,1.0,0.0,50.33333333333333,POTHOLE,WEAK,MONITOR
92,24.376125818888887,88.64194657327161,2,1,Bump,False,1,1,REC_41.csv,2,0,0,0,True,0.3333333333333333,0.4,1.0,1.0,0.0,50.33333333333333,BUMP,WEAK,MONITOR
99,24.3728755325,88.6427472815,2,1,Pothole,False,1,1,REC_44.csv,0,2,0,0,True,0.3333333333333333,0.4,1.0,1.0,0.0,50.33333333333333,POTHOLE,WEAK,MONITOR
115,24.366754502,88.756305349,2,1,Pothole,False,1,1,REC_52.csv,0,2,0,0,True,0.3333333333333333,0.4,1.0,1.0,0.0,50.33333333333333,POTHOLE,WEAK,MONITOR
165,24.4454816175,88.55700140249999,2,1,Bump,False,1,1,REC_74.csv,2,0,0,0,True,0.3333333333333333,0.4,1.0,1.0,0.0,50.33333333333333,BUMP,WEAK,MONITOR
175,24.37634564830769,88.54783800115385,2,1,Bump,False,1,1,REC_8.csv,2,0,0,0,True,0.3333333333333333,0.4,1.0,1.0,0.0,50.33333333333333,BUMP,WEAK,MONITOR
181,24.375055005,88.544523733,2,1,Bump,False,1,1,REC_8.csv,2,0,0,0,True,0.3333333333333333,0.4,1.0,1.0,0.0,50.33333333333333,BUMP,WEAK,MONITOR
188,24.3631067555,88.628893656,2,1,Bump,False,1,1,REC_85.csv,2,0,0,0,True,0.3333333333333333,0.4,1.0,1.0,0.0,50.33333333333333,BUMP,WEAK,MONITOR
189,24.363480240500003,88.6290465505,2,1,Pothole,False,1,1,REC_86.csv,0,2,0,0,True,0.3333333333333333,0.4,1.0,1.0,0.0,50.33333333333333,POTHOLE,WEAK,MONITOR
258,24.51276381374193,88.56251826383871,2,1,Bump,False,1,1,REC_93.csv,2,0,0,0,True,0.3333333333333333,0.4,1.0,1.0,0.0,50.33333333333333,BUMP,WEAK,MONITOR
314,24.468728356,88.595098216,2,1,Pothole,False,1,1,REC_97.csv,0,2,0,0,True,0.3333333333333333,0.4,1.0,1.0,0.0,50.33333333333333,POTHOLE,WEAK,MONITOR
318,24.4703332625,88.594490356,2,1,Bump,False,1,1,REC_97.csv,2,0,0,0,True,0.3333333333333333,0.4,1.0,1.0,0.0,50.33333333333333,BUMP,WEAK,MONITOR
320,24.471070079,88.594102032,2,1,Bump,False,1,1,REC_97.csv,2,0,0,0,True,0.3333333333333333,0.4,1.0,1.0,0.0,50.33333333333333,BUMP,WEAK,MONITOR
1,24.373774168,88.561941671,1,1,Pothole,False,1,1,REC_10.csv,0,1,0,0,True,0.3333333333333333,0.2,1.0,1.0,0.0,49.33333333333333,POTHOLE,WEAK,MONITOR
2,24.41134297,88.609437692,1,1,Bump,False,1,1,REC_100.csv,1,0,0,0,True,0.3333333333333333,0.2,1.0,1.0,0.0,49.33333333333333,BUMP,WEAK,MONITOR
3,24.415141018,88.610452356,1,1,Bump,False,1,1,REC_100.csv,1,0,0,0,True,0.3333333333333333,0.2,1.0,1.0,0.0,49.33333333333333,BUMP,WEAK,MONITOR
8,24.386427726,88.61858152299999,1,1,Bump,False,1,1,REC_101.csv,1,0,0,0,True,0.3333333333333333,0.2,1.0,1.0,0.0,49.33333333333333,BUMP,WEAK,MONITOR
9,24.387482797,88.61840223799999,1,1,Bump,False,1,1,REC_101.csv,1,0,0,0,True,0.3333333333333333,0.2,1.0,1.0,0.0,49.33333333333333,BUMP,WEAK,MONITOR
16,24.39453673,88.617310568,1,1,Bump,False,1,1,REC_101.csv,1,0,0,0,True,0.3333333333333333,0.2,1.0,1.0,0.0,49.33333333333333,BUMP,WEAK,MONITOR
18,24.396330849,88.61706588,1,1,Pothole,False,1,1,REC_101.csv,0,1,0,0,True,0.3333333333333333,0.2,1.0,1.0,0.0,49.33333333333333,POTHOLE,WEAK,MONITOR
26,24.401974315,88.61670999799999,1,1,Bump,False,1,1,REC_101.csv,1,0,0,0,True,0.3333333333333333,0.2,1.0,1.0,0.0,49.33333333333333,BUMP,WEAK,MONITOR
32,24.380139861,88.62522508,1,1,Pothole,False,1,1,REC_102.csv,0,1,0,0,True,0.3333333333333333,0.2,1.0,1.0,0.0,49.33333333333333,POTHOLE,WEAK,MONITOR
33,24.38044118,88.62473499058824,1,1,Bump,False,1,1,REC_102.csv,1,0,0,0,True,0.3333333333333333,0.2,1.0,1.0,0.0,49.33333333333333,BUMP,WEAK,MONITOR
34,24.380673374,88.623928099,1,1,Bump,False,1,1,REC_102.csv,1,0,0,0,True,0.3333333333333333,0.2,1.0,1.0,0.0,49.33333333333333,BUMP,WEAK,MONITOR
35,24.380755322,88.623563298,1,1,Pothole,False,1,1,REC_102.csv,0,1,0,0,True,0.3333333333333333,0.2,1.0,1.0,0.0,49.33333333333333,POTHOLE,WEAK,MONITOR
37,24.380853929,88.622803905,1,1,Bump,False,1,1,REC_102.csv,1,0,0,0,True,0.3333333333333333,0.2,1.0,1.0,0.0,49.33333333333333,BUMP,WEAK,MONITOR
42,24.381207268,88.619045104,1,1,Bump,False,1,1,REC_102.csv,1,0,0,0,True,0.3333333333333333,0.2,1.0,1.0,0.0,49.33333333333333,BUMP,WEAK,MONITOR
44,24.377071266,88.622942751,1,1,Bump,False,1,1,REC_103.csv,1,0,0,0,True,0.3333333333333333,0.2,1.0,1.0,0.0,49.33333333333333,BUMP,WEAK,MONITOR
45,24.377542712,88.622965952,1,1,Bump,False,1,1,REC_103.csv,1,0,0,0,True,0.3333333333333333,0.2,1.0,1.0,0.0,49.33333333333333,BUMP,WEAK,MONITOR
46,24.377640787,88.62355343,1,1,Pothole,False,1,1,REC_103.csv,0,1,0,0,True,0.3333333333333333,0.2,1.0,1.0,0.0,49.33333333333333,POTHOLE,WEAK,MONITOR
47,24.377698652,88.623929214,1,1,Pothole,False,1,1,REC_103.csv,0,1,0,0,True,0.3333333333333333,0.2,1.0,1.0,0.0,49.33333333333333,POTHOLE,WEAK,MONITOR
50,24.374993116,88.598091919,1,1,Bump,False,1,1,REC_13.csv,1,0,0,0,True,0.3333333333333333,0.2,1.0,1.0,0.0,49.33333333333333,BUMP,WEAK,MONITOR
52,24.377094064,88.58885418599999,1,1,Pothole,False,1,1,REC_14.csv,0,1,0,0,True,0.3333333333333333,0.2,1.0,1.0,0.0,49.33333333333333,POTHOLE,WEAK,MONITOR
57,24.377908781,88.58281493,1,1,Bump,False,1,1,REC_16.csv,1,0,0,0,True,0.3333333333333333,0.2,1.0,1.0,0.0,49.33333333333333,BUMP,WEAK,MONITOR
60,24.381995465000003,88.585562623,1,1,Pothole,False,1,1,REC_18.csv,0,1,0,0,True,0.3333333333333333,0.2,1.0,1.0,0.0,49.33333333333333,POTHOLE,WEAK,MONITOR
61,24.387579278,88.55680644,1,1,Bump,False,1,1,REC_19.csv,1,0,0,0,True,0.3333333333333333,0.2,1.0,1.0,0.0,49.33333333333333,BUMP,WEAK,MONITOR
62,24.387088826,88.55568223099999,1,1,Bump,False,1,1,REC_19.csv,1,0,0,0,True,0.3333333333333333,0.2,1.0,1.0,0.0,49.33333333333333,BUMP,WEAK,MONITOR
69,24.38701617,88.594164275,1,1,Bump,False,1,1,REC_20.csv,1,0,0,0,True,0.3333333333333333,0.2,1.0,1.0,0.0,49.33333333333333,BUMP,WEAK,MONITOR
73,24.393995808,88.571446044,1,1,Bump,False,1,1,REC_22.csv,1,0,0,0,True,0.3333333333333333,0.2,1.0,1.0,0.0,49.33333333333333,BUMP,WEAK,MONITOR
74,24.37000647,88.62133092,1,1,Bump,False,1,1,REC_24.csv,1,0,0,0,True,0.3333333333333333,0.2,1.0,1.0,0.0,49.33333333333333,BUMP,WEAK,MONITOR
75,24.36992755,88.621690535,1,1,Bump,False,1,1,REC_24.csv,1,0,0,0,True,0.3333333333333333,0.2,1.0,1.0,0.0,49.33333333333333,BUMP,WEAK,MONITOR
76,24.370801315,88.62261301,1,1,Bump,False,1,1,REC_24.csv,1,0,0,0,True,0.3333333333333333,0.2,1.0,1.0,0.0,49.33333333333333,BUMP,WEAK,MONITOR
77,24.370415252,88.60296412,1,1,Bump,False,1,1,REC_25.csv,1,0,0,0,True,0.3333333333333333,0.2,1.0,1.0,0.0,49.33333333333333,BUMP,WEAK,MONITOR
80,24.374566659,88.608098444,1,1,Pothole,False,1,1,REC_28.csv,0,1,0,0,True,0.3333333333333333,0.2,1.0,1.0,0.0,49.33333333333333,POTHOLE,WEAK,MONITOR
87,24.375845612,88.632896485,1,1,Pothole,False,1,1,REC_38.csv,0,1,0,0,True,0.3333333333333333,0.2,1.0,1.0,0.0,49.33333333333333,POTHOLE,WEAK,MONITOR
89,24.375845424,88.6369295,1,1,Bump,False,1,1,REC_39.csv,1,0,0,0,True,0.3333333333333333,0.2,1.0,1.0,0.0,49.33333333333333,BUMP,WEAK,MONITOR
90,24.373630795,88.534484506,1,1,Bump,False,1,1,REC_4.csv,1,0,0,0,True,0.3333333333333333,0.2,1.0,1.0,0.0,49.33333333333333,BUMP,WEAK,MONITOR
93,24.37700474,88.642762002,1,1,Pothole,False,1,1,REC_42.csv,0,1,0,0,True,0.3333333333333333,0.2,1.0,1.0,0.0,49.33333333333333,POTHOLE,WEAK,MONITOR
94,24.377410225,88.643052177,1,1,Pothole,False,1,1,REC_42.csv,0,1,0,0,True,0.3333333333333333,0.2,1.0,1.0,0.0,49.33333333333333,POTHOLE,WEAK,MONITOR
102,24.365381053,88.674720631,1,1,Bump,False,1,1,REC_48.csv,1,0,0,0,True,0.3333333333333333,0.2,1.0,1.0,0.0,49.33333333333333,BUMP,WEAK,MONITOR
103,24.365409104,88.67515730299999,1,1,Bump,False,1,1,REC_48.csv,1,0,0,0,True,0.3333333333333333,0.2,1.0,1.0,0.0,49.33333333333333,BUMP,WEAK,MONITOR
106,24.373404402,88.532439609,1,1,Pothole,False,1,1,REC_5.csv,0,1,0,0,True,0.3333333333333333,0.2,1.0,1.0,0.0,49.33333333333333,POTHOLE,WEAK,MONITOR
107,24.36559006,88.723751145,1,1,Bump,False,1,1,REC_50.csv,1,0,0,0,True,0.3333333333333333,0.2,1.0,1.0,0.0,49.33333333333333,BUMP,WEAK,MONITOR
108,24.368788291,88.749175095,1,1,Bump,False,1,1,REC_51.csv,1,0,0,0,True,0.3333333333333333,0.2,1.0,1.0,0.0,49.33333333333333,BUMP,WEAK,MONITOR
109,24.368477392,88.750314712,1,1,Pothole,False,1,1,REC_51.csv,0,1,0,0,True,0.3333333333333333,0.2,1.0,1.0,0.0,49.33333333333333,POTHOLE,WEAK,MONITOR
110,24.368258772,88.75095761600001,1,1,Pothole,False,1,1,REC_51.csv,0,1,0,0,True,0.3333333333333333,0.2,1.0,1.0,0.0,49.33333333333333,POTHOLE,WEAK,MONITOR
112,24.366834484,88.75445567599999,1,1,Bump,False,1,1,REC_52.csv,1,0,0,0,True,0.3333333333333333,0.2,1.0,1.0,0.0,49.33333333333333,BUMP,WEAK,MONITOR
113,24.366701202,88.75540918,1,1,Bump,False,1,1,REC_52.csv,1,0,0,0,True,0.3333333333333333,0.2,1.0,1.0,0.0,49.33333333333333,BUMP,WEAK,MONITOR
114,24.366696624,88.755756792,1,1,Bump,False,1,1,REC_52.csv,1,0,0,0,True,0.3333333333333333,0.2,1.0,1.0,0.0,49.33333333333333,BUMP,WEAK,MONITOR
116,24.36707780842105,88.75695772105263,1,1,Bump,False,1,1,REC_52.csv,1,0,0,0,True,0.3333333333333333,0.2,1.0,1.0,0.0,49.33333333333333,BUMP,WEAK,MONITOR
118,24.36772281,88.757853462,1,1,Bump,False,1,1,REC_52.csv,1,0,0,0,True,0.3333333333333333,0.2,1.0,1.0,0.0,49.33333333333333,BUMP,WEAK,MONITOR
119,24.367962008000003,88.758124295,1,1,Bump,False,1,1,REC_52.csv,1,0,0,0,True,0.3333333333333333,0.2,1.0,1.0,0.0,49.33333333333333,BUMP,WEAK,MONITOR
120,24.381141332,88.76881530200001,1,1,Bump,False,1,1,REC_53.csv,1,0,0,0,True,0.3333333333333333,0.2,1.0,1.0,0.0,49.33333333333333,BUMP,WEAK,MONITOR
122,24.372475965,88.837385085,1,1,Bump,False,1,1,REC_54.csv,1,0,0,0,True,0.3333333333333333,0.2,1.0,1.0,0.0,49.33333333333333,BUMP,WEAK,MONITOR
123,24.37223706,88.838808555,1,1,Bump,False,1,1,REC_54.csv,1,0,0,0,True,0.3333333333333333,0.2,1.0,1.0,0.0,49.33333333333333,BUMP,WEAK,MONITOR
124,24.3801782,88.584898195,1,1,Pothole,False,1,1,REC_57.csv,0,1,0,0,True,0.3333333333333333,0.2,1.0,1.0,0.0,49.33333333333333,POTHOLE,WEAK,MONITOR
126,24.371120004,88.617850716,1,1,Bump,False,1,1,REC_58.csv,1,0,0,0,True,0.3333333333333333,0.2,1.0,1.0,0.0,49.33333333333333,BUMP,WEAK,MONITOR
128,24.370597031000003,88.61861458,1,1,Bump,False,1,1,REC_58.csv,1,0,0,0,True,0.3333333333333333,0.2,1.0,1.0,0.0,49.33333333333333,BUMP,WEAK,MONITOR
129,24.370380592,88.619204148,1,1,Bump,False,1,1,REC_58.csv,1,0,0,0,True,0.3333333333333333,0.2,1.0,1.0,0.0,49.33333333333333,BUMP,WEAK,MONITOR
132,24.373200175,88.53732283999999,1,1,Pothole,False,1,1,REC_6.csv,0,1,0,0,True,0.3333333333333333,0.2,1.0,1.0,0.0,49.33333333333333,POTHOLE,WEAK,MONITOR
133,24.37352192,88.53676102,1,1,Bump,False,1,1,REC_6.csv,1,0,0,0,True,0.3333333333333333,0.2,1.0,1.0,0.0,49.33333333333333,BUMP,WEAK,MONITOR
137,24.415645187,88.52342425799999,1,1,Pothole,False,1,1,REC_61.csv,0,1,0,0,True,0.3333333333333333,0.2,1.0,1.0,0.0,49.33333333333333,POTHOLE,WEAK,MONITOR
140,24.417260614,88.529100788,1,1,Bump,False,1,1,REC_62.csv,1,0,0,0,True,0.3333333333333333,0.2,1.0,1.0,0.0,49.33333333333333,BUMP,WEAK,MONITOR
141,24.417394491,88.52851908,1,1,Pothole,False,1,1,REC_62.csv,0,1,0,0,True,0.3333333333333333,0.2,1.0,1.0,0.0,49.33333333333333,POTHOLE,WEAK,MONITOR
142,24.417717427,88.523741042,1,1,Pothole,False,1,1,REC_63.csv,0,1,0,0,True,0.3333333333333333,0.2,1.0,1.0,0.0,49.33333333333333,POTHOLE,WEAK,MONITOR
143,24.418345112,88.524795595,1,1,Pothole,False,1,1,REC_64.csv,0,1,0,0,True,0.3333333333333333,0.2,1.0,1.0,0.0,49.33333333333333,POTHOLE,WEAK,MONITOR
148,24.431527,88.53362503,1,1,Pothole,False,1,1,REC_65.csv,0,1,0,0,True,0.3333333333333333,0.2,1.0,1.0,0.0,49.33333333333333,POTHOLE,WEAK,MONITOR
151,24.400619685,88.578590675,1,1,Bump,False,1,1,REC_69.csv,1,0,0,0,True,0.3333333333333333,0.2,1.0,1.0,0.0,49.33333333333333,BUMP,WEAK,MONITOR
154,24.372917836,88.53910138,1,1,Pothole,False,1,1,REC_7.csv,0,1,0,0,True,0.3333333333333333,0.2,1.0,1.0,0.0,49.33333333333333,POTHOLE,WEAK,MONITOR
160,24.403256803,88.584901922,1,1,Bump,False,1,1,REC_72.csv,1,0,0,0,True,0.3333333333333333,0.2,1.0,1.0,0.0,49.33333333333333,BUMP,WEAK,MONITOR
161,24.402774388,88.582766196,1,1,Bump,False,1,1,REC_72.csv,1,0,0,0,True,0.3333333333333333,0.2,1.0,1.0,0.0,49.33333333333333,BUMP,WEAK,MONITOR
162,24.42335759,88.56633656000001,1,1,Bump,False,1,1,REC_73.csv,1,0,0,0,True,0.3333333333333333,0.2,1.0,1.0,0.0,49.33333333333333,BUMP,WEAK,MONITOR
164,24.44531216,88.55742176,1,1,Bump,False,1,1,REC_74.csv,1,0,0,0,True,0.3333333333333333,0.2,1.0,1.0,0.0,49.33333333333333,BUMP,WEAK,MONITOR
167,24.454082136,88.536705656,1,1,Bump,False,1,1,REC_76.csv,1,0,0,0,True,0.3333333333333333,0.2,1.0,1.0,0.0,49.33333333333333,BUMP,WEAK,MONITOR
168,24.454891232,88.53683388399999,1,1,Bump,False,1,1,REC_76.csv,1,0,0,0,True,0.3333333333333333,0.2,1.0,1.0,0.0,49.33333333333333,BUMP,WEAK,MONITOR
169,24.463154078,88.532762176,1,1,Bump,False,1,1,REC_77.csv,1,0,0,0,True,0.3333333333333333,0.2,1.0,1.0,0.0,49.33333333333333,BUMP,WEAK,MONITOR
170,24.463508114,88.532950836,1,1,Bump,False,1,1,REC_77.csv,1,0,0,0,True,0.3333333333333333,0.2,1.0,1.0,0.0,49.33333333333333,BUMP,WEAK,MONITOR
173,24.376608808,88.548586976,1,1,Bump,False,1,1,REC_8.csv,1,0,0,0,True,0.3333333333333333,0.2,1.0,1.0,0.0,49.33333333333333,BUMP,WEAK,MONITOR
174,24.376513058,88.548309276,1,1,Bump,False,1,1,REC_8.csv,1,0,0,0,True,0.3333333333333333,0.2,1.0,1.0,0.0,49.33333333333333,BUMP,WEAK,MONITOR
176,24.376117977,88.547271337,1,1,Bump,False,1,1,REC_8.csv,1,0,0,0,True,0.3333333333333333,0.2,1.0,1.0,0.0,49.33333333333333,BUMP,WEAK,MONITOR
179,24.375547536,88.545790812,1,1,Bump,False,1,1,REC_8.csv,1,0,0,0,True,0.3333333333333333,0.2,1.0,1.0,0.0,49.33333333333333,BUMP,WEAK,MONITOR
180,24.375330368,88.545249073,1,1,Bump,False,1,1,REC_8.csv,1,0,0,0,True,0.3333333333333333,0.2,1.0,1.0,0.0,49.33333333333333,BUMP,WEAK,MONITOR
183,24.461381218,88.6134459,1,1,Bump,False,1,1,REC_81.csv,1,0,0,0,True,0.3333333333333333,0.2,1.0,1.0,0.0,49.33333333333333,BUMP,WEAK,MONITOR
187,24.39625498,88.57397532,1,1,Bump,False,1,1,REC_84.csv,1,0,0,0,True,0.3333333333333333,0.2,1.0,1.0,0.0,49.33333333333333,BUMP,WEAK,MONITOR
190,24.521658108,88.619961576,1,1,Bump,False,1,1,REC_88.csv,1,0,0,0,True,0.3333333333333333,0.2,1.0,1.0,0.0,49.33333333333333,BUMP,WEAK,MONITOR
202,24.531802501,88.583766041,1,1,Pothole,False,1,1,REC_89.csv,0,1,0,0,True,0.3333333333333333,0.2,1.0,1.0,0.0,49.33333333333333,POTHOLE,WEAK,MONITOR
204,24.530156924,88.595419868,1,1,Pothole,False,1,1,REC_89.csv,0,1,0,0,True,0.3333333333333333,0.2,1.0,1.0,0.0,49.33333333333333,POTHOLE,WEAK,MONITOR
208,24.528934924,88.60269076200001,1,1,Bump,False,1,1,REC_89.csv,1,0,0,0,True,0.3333333333333333,0.2,1.0,1.0,0.0,49.33333333333333,BUMP,WEAK,MONITOR
209,24.528867616,88.603478107,1,1,Bump,False,1,1,REC_89.csv,1,0,0,0,True,0.3333333333333333,0.2,1.0,1.0,0.0,49.33333333333333,BUMP,WEAK,MONITOR
211,24.53734414,88.57395432,1,1,Bump,False,1,1,REC_90.csv,1,0,0,0,True,0.3333333333333333,0.2,1.0,1.0,0.0,49.33333333333333,BUMP,WEAK,MONITOR
214,24.532885,88.57851542,1,1,Bump,False,1,1,REC_90.csv,1,0,0,0,True,0.3333333333333333,0.2,1.0,1.0,0.0,49.33333333333333,BUMP,WEAK,MONITOR
215,24.532939552,88.579068,1,1,Bump,False,1,1,REC_90.csv,1,0,0,0,True,0.3333333333333333,0.2,1.0,1.0,0.0,49.33333333333333,BUMP,WEAK,MONITOR
216,24.532775445,88.57963929,1,1,Pothole,False,1,1,REC_90.csv,0,1,0,0,True,0.3333333333333333,0.2,1.0,1.0,0.0,49.33333333333333,POTHOLE,WEAK,MONITOR
223,24.52275945,88.56005721,1,1,Bump,False,1,1,REC_91.csv,1,0,0,0,True,0.3333333333333333,0.2,1.0,1.0,0.0,49.33333333333333,BUMP,WEAK,MONITOR
224,24.525301277,88.560343901,1,1,Bump,False,1,1,REC_91.csv,1,0,0,0,True,0.3333333333333333,0.2,1.0,1.0,0.0,49.33333333333333,BUMP,WEAK,MONITOR
225,24.527637892,88.56155021400001,1,1,Bump,False,1,1,REC_91.csv,1,0,0,0,True,0.3333333333333333,0.2,1.0,1.0,0.0,49.33333333333333,BUMP,WEAK,MONITOR
226,24.529831971,88.563366802,1,1,Bump,False,1,1,REC_91.csv,1,0,0,0,True,0.3333333333333333,0.2,1.0,1.0,0.0,49.33333333333333,BUMP,WEAK,MONITOR
227,24.531461218,88.565553464,1,1,Bump,False,1,1,REC_91.csv,1,0,0,0,True,0.3333333333333333,0.2,1.0,1.0,0.0,49.33333333333333,BUMP,WEAK,MONITOR
228,24.532084841,88.56641479,1,1,Bump,False,1,1,REC_91.csv,1,0,0,0,True,0.3333333333333333,0.2,1.0,1.0,0.0,49.33333333333333,BUMP,WEAK,MONITOR
229,24.532468754,88.567000412,1,1,Bump,False,1,1,REC_91.csv,1,0,0,0,True,0.3333333333333333,0.2,1.0,1.0,0.0,49.33333333333333,BUMP,WEAK,MONITOR
230,24.533096557,88.56792572799999,1,1,Pothole,False,1,1,REC_91.csv,0,1,0,0,True,0.3333333333333333,0.2,1.0,1.0,0.0,49.33333333333333,POTHOLE,WEAK,MONITOR
231,24.533528882,88.568515025,1,1,Pothole,False,1,1,REC_91.csv,0,1,0,0,True,0.3333333333333333,0.2,1.0,1.0,0.0,49.33333333333333,POTHOLE,WEAK,MONITOR
232,24.533994884,88.569197352,1,1,Pothole,False,1,1,REC_91.csv,0,1,0,0,True,0.3333333333333333,0.2,1.0,1.0,0.0,49.33333333333333,POTHOLE,WEAK,MONITOR
234,24.534617508,88.57046636,1,1,Pothole,False,1,1,REC_91.csv,0,1,0,0,True,0.3333333333333333,0.2,1.0,1.0,0.0,49.33333333333333,POTHOLE,WEAK,MONITOR
235,24.534911262,88.570880292,1,1,Pothole,False,1,1,REC_91.csv,0,1,0,0,True,0.3333333333333333,0.2,1.0,1.0,0.0,49.33333333333333,POTHOLE,WEAK,MONITOR
236,24.535299825,88.57110737400001,1,1,Pothole,False,1,1,REC_91.csv,0,1,0,0,True,0.3333333333333333,0.2,1.0,1.0,0.0,49.33333333333333,POTHOLE,WEAK,MONITOR
239,24.513767484,88.633828432,1,1,Bump,False,1,1,REC_92.csv,1,0,0,0,True,0.3333333333333333,0.2,1.0,1.0,0.0,49.33333333333333,BUMP,WEAK,MONITOR
254,24.508888618,88.56583348,1,1,Bump,False,1,1,REC_93.csv,1,0,0,0,True,0.3333333333333333,0.2,1.0,1.0,0.0,49.33333333333333,BUMP,WEAK,MONITOR
255,24.510702936,88.56425033,1,1,Bump,False,1,1,REC_93.csv,1,0,0,0,True,0.3333333333333333,0.2,1.0,1.0,0.0,49.33333333333333,BUMP,WEAK,MONITOR
256,24.511872516,88.56318054799999,1,1,Bump,False,1,1,REC_93.csv,1,0,0,0,True,0.3333333333333333,0.2,1.0,1.0,0.0,49.33333333333333,BUMP,WEAK,MONITOR
257,24.512180462,88.56277962499999,1,1,Bump,False,1,1,REC_93.csv,1,0,0,0,True,0.3333333333333333,0.2,1.0,1.0,0.0,49.33333333333333,BUMP,WEAK,MONITOR
259,24.513144554,88.562350476,1,1,Bump,False,1,1,REC_93.csv,1,0,0,0,True,0.3333333333333333,0.2,1.0,1.0,0.0,49.33333333333333,BUMP,WEAK,MONITOR
260,24.514084969,88.560410862,1,1,Bump,False,1,1,REC_93.csv,1,0,0,0,True,0.3333333333333333,0.2,1.0,1.0,0.0,49.33333333333333,BUMP,WEAK,MONITOR
261,24.515079219,88.55989003500001,1,1,Bump,False,1,1,REC_93.csv,1,0,0,0,True,0.3333333333333333,0.2,1.0,1.0,0.0,49.33333333333333,BUMP,WEAK,MONITOR
262,24.5155677,88.559786636,1,1,Bump,False,1,1,REC_93.csv,1,0,0,0,True,0.3333333333333333,0.2,1.0,1.0,0.0,49.33333333333333,BUMP,WEAK,MONITOR
263,24.516208289,88.559766516,1,1,Bump,False,1,1,REC_93.csv,1,0,0,0,True,0.3333333333333333,0.2,1.0,1.0,0.0,49.33333333333333,BUMP,WEAK,MONITOR
264,24.517069266,88.559935024,1,1,Bump,False,1,1,REC_93.csv,1,0,0,0,True,0.3333333333333333,0.2,1.0,1.0,0.0,49.33333333333333,BUMP,WEAK,MONITOR
265,24.517600029,88.560034042,1,1,Bump,False,1,1,REC_93.csv,1,0,0,0,True,0.3333333333333333,0.2,1.0,1.0,0.0,49.33333333333333,BUMP,WEAK,MONITOR
266,24.518147188,88.559950372,1,1,Bump,False,1,1,REC_93.csv,1,0,0,0,True,0.3333333333333333,0.2,1.0,1.0,0.0,49.33333333333333,BUMP,WEAK,MONITOR
268,24.519949248,88.559898146,1,1,Bump,False,1,1,REC_93.csv,1,0,0,0,True,0.3333333333333333,0.2,1.0,1.0,0.0,49.33333333333333,BUMP,WEAK,MONITOR
269,24.502801691,88.571100681,1,1,Pothole,False,1,1,REC_94.csv,0,1,0,0,True,0.3333333333333333,0.2,1.0,1.0,0.0,49.33333333333333,POTHOLE,WEAK,MONITOR
270,24.50331487,88.570667188,1,1,Bump,False,1,1,REC_94.csv,1,0,0,0,True,0.3333333333333333,0.2,1.0,1.0,0.0,49.33333333333333,BUMP,WEAK,MONITOR
271,24.503680525,88.570347504,1,1,Bump,False,1,1,REC_94.csv,1,0,0,0,True,0.3333333333333333,0.2,1.0,1.0,0.0,49.33333333333333,BUMP,WEAK,MONITOR
272,24.503985836,88.570069112,1,1,Bump,False,1,1,REC_94.csv,1,0,0,0,True,0.3333333333333333,0.2,1.0,1.0,0.0,49.33333333333333,BUMP,WEAK,MONITOR
274,24.50554041,88.56874775799999,1,1,Pothole,False,1,1,REC_94.csv,0,1,0,0,True,0.3333333333333333,0.2,1.0,1.0,0.0,49.33333333333333,POTHOLE,WEAK,MONITOR
275,24.506405464,88.56799062,1,1,Pothole,False,1,1,REC_94.csv,0,1,0,0,True,0.3333333333333333,0.2,1.0,1.0,0.0,49.33333333333333,POTHOLE,WEAK,MONITOR
280,24.483597392,88.585781274,1,1,Pothole,False,1,1,REC_95.csv,0,1,0,0,True,0.3333333333333333,0.2,1.0,1.0,0.0,49.33333333333333,POTHOLE,WEAK,MONITOR
281,24.484679389,88.58503867499999,1,1,Bump,False,1,1,REC_95.csv,1,0,0,0,True,0.3333333333333333,0.2,1.0,1.0,0.0,49.33333333333333,BUMP,WEAK,MONITOR
282,24.486371588,88.583635432,1,1,Pothole,False,1,1,REC_95.csv,0,1,0,0,True,0.3333333333333333,0.2,1.0,1.0,0.0,49.33333333333333,POTHOLE,WEAK,MONITOR
283,24.487038918,88.58284483,1,1,Pothole,False,1,1,REC_95.csv,0,1,0,0,True,0.3333333333333333,0.2,1.0,1.0,0.0,49.33333333333333,POTHOLE,WEAK,MONITOR
284,24.48782474,88.581871894,1,1,Pothole,False,1,1,REC_95.csv,0,1,0,0,True,0.3333333333333333,0.2,1.0,1.0,0.0,49.33333333333333,POTHOLE,WEAK,MONITOR
290,24.492270431,88.577188667,1,1,Pothole,False,1,1,REC_95.csv,0,1,0,0,True,0.3333333333333333,0.2,1.0,1.0,0.0,49.33333333333333,POTHOLE,WEAK,MONITOR
292,24.47377978,88.59236666,1,1,Bump,False,1,1,REC_96.csv,1,0,0,0,True,0.3333333333333333,0.2,1.0,1.0,0.0,49.33333333333333,BUMP,WEAK,MONITOR
294,24.475028,88.59156494000001,1,1,Pothole,False,1,1,REC_96.csv,0,1,0,0,True,0.3333333333333333,0.2,1.0,1.0,0.0,49.33333333333333,POTHOLE,WEAK,MONITOR
295,24.47612059,88.59080851,1,1,Pothole,False,1,1,REC_96.csv,0,1,0,0,True,0.3333333333333333,0.2,1.0,1.0,0.0,49.33333333333333,POTHOLE,WEAK,MONITOR
300,24.461040704,88.596306528,1,1,Bump,False,1,1,REC_97.csv,1,0,0,0,True,0.3333333333333333,0.2,1.0,1.0,0.0,49.33333333333333,BUMP,WEAK,MONITOR
301,24.461515855,88.596274424,1,1,Bump,False,1,1,REC_97.csv,1,0,0,0,True,0.3333333333333333,0.2,1.0,1.0,0.0,49.33333333333333,BUMP,WEAK,MONITOR
309,24.466063692,88.59583424899999,1,1,Pothole,False,1,1,REC_97.csv,0,1,0,0,True,0.3333333333333333,0.2,1.0,1.0,0.0,49.33333333333333,POTHOLE,WEAK,MONITOR
310,24.466449552,88.595733596,1,1,Pothole,False,1,1,REC_97.csv,0,1,0,0,True,0.3333333333333333,0.2,1.0,1.0,0.0,49.33333333333333,POTHOLE,WEAK,MONITOR
313,24.468047002,88.595276604,1,1,Pothole,False,1,1,REC_97.csv,0,1,0,0,True,0.3333333333333333,0.2,1.0,1.0,0.0,49.33333333333333,POTHOLE,WEAK,MONITOR
315,24.469152712,88.594959484,1,1,Pothole,False,1,1,REC_97.csv,0,1,0,0,True,0.3333333333333333,0.2,1.0,1.0,0.0,49.33333333333333,POTHOLE,WEAK,MONITOR
316,24.46956725,88.594828616,1,1,Bump,False,1,1,REC_97.csv,1,0,0,0,True,0.3333333333333333,0.2,1.0,1.0,0.0,49.33333333333333,BUMP,WEAK,MONITOR
317,24.469979194,88.594642184,1,1,Bump,False,1,1,REC_97.csv,1,0,0,0,True,0.3333333333333333,0.2,1.0,1.0,0.0,49.33333333333333,BUMP,WEAK,MONITOR
319,24.470726434,88.594278137,1,1,Bump,False,1,1,REC_97.csv,1,0,0,0,True,0.3333333333333333,0.2,1.0,1.0,0.0,49.33333333333333,BUMP,WEAK,MONITOR
321,24.47146675,88.593861544,1,1,Bump,False,1,1,REC_97.csv,1,0,0,0,True,0.3333333333333333,0.2,1.0,1.0,0.0,49.33333333333333,BUMP,WEAK,MONITOR
322,24.471732966,88.593692992,1,1,Bump,False,1,1,REC_97.csv,1,0,0,0,True,0.3333333333333333,0.2,1.0,1.0,0.0,49.33333333333333,BUMP,WEAK,MONITOR
323,24.472340612,88.59330537000001,1,1,Bump,False,1,1,REC_97.csv,1,0,0,0,True,0.3333333333333333,0.2,1.0,1.0,0.0,49.33333333333333,BUMP,WEAK,MONITOR
326,24.45245478,88.61161564400001,1,1,Bump,False,1,1,REC_98.csv,1,0,0,0,True,0.3333333333333333,0.2,1.0,1.0,0.0,49.33333333333333,BUMP,WEAK,MONITOR
328,24.45259034,88.60955856,1,1,Bump,False,1,1,REC_98.csv,1,0,0,0,True,0.3333333333333333,0.2,1.0,1.0,0.0,49.33333333333333,BUMP,WEAK,MONITOR
329,24.45272178,88.60896612,1,1,Bump,False,1,1,REC_98.csv,1,0,0,0,True,0.3333333333333333,0.2,1.0,1.0,0.0,49.33333333333333,BUMP,WEAK,MONITOR
330,24.45298041,88.607643465,1,1,Bump,False,1,1,REC_98.csv,1,0,0,0,True,0.3333333333333333,0.2,1.0,1.0,0.0,49.33333333333333,BUMP,WEAK,MONITOR
331,24.4527536,88.606236845,1,1,Bump,False,1,1,REC_98.csv,1,0,0,0,True,0.3333333333333333,0.2,1.0,1.0,0.0,49.33333333333333,BUMP,WEAK,MONITOR
335,24.45234264,88.60256371,1,1,Bump,False,1,1,REC_98.csv,1,0,0,0,True,0.3333333333333333,0.2,1.0,1.0,0.0,49.33333333333333,BUMP,WEAK,MONITOR
337,24.45274242,88.60091458000001,1,1,Bump,False,1,1,REC_98.csv,1,0,0,0,True,0.3333333333333333,0.2,1.0,1.0,0.0,49.33333333333333,BUMP,WEAK,MONITOR
340,24.453571,88.59697396,1,1,Pothole,False,1,1,REC_98.csv,0,1,0,0,True,0.3333333333333333,0.2,1.0,1.0,0.0,49.33333333333333,POTHOLE,WEAK,MONITOR
345,24.45864206,88.59669427,1,1,Bump,False,1,1,REC_98.csv,1,0,0,0,True,0.3333333333333333,0.2,1.0,1.0,0.0,49.33333333333333,BUMP,WEAK,MONITOR
40,24.381122112,88.620391608,5,1,"Pothole,UNKNOWN",False,1,1,REC_102.csv,0,3,2,0,True,0.3333333333333333,1.0,1.0,0.6,0.0,47.33333333333333,POTHOLE,WEAK,MONITOR
19,24.39689532277228,88.617039012,3,1,"Pothole,UNKNOWN",False,1,1,REC_101.csv,0,2,1,0,True,0.3333333333333333,0.6,1.0,0.6666666666666666,0.0,46.33333333333333,POTHOLE,WEAK,MONITOR
51,24.37649813861386,88.58885131188119,3,1,"Bump,Pothole",False,1,1,REC_14.csv,2,1,0,0,True,0.3333333333333333,0.6,0.6666666666666666,1.0,0.0,46.33333333333333,ROAD ANOMALY - TYPE UNCERTAIN,WEAK,MONITOR
68,24.38747399,88.59388215,3,1,"Bump,Bump,Pothole,Pothole",False,1,1,REC_20.csv,2,2,0,0,True,0.3333333333333333,0.6,0.5,1.0,0.0,43.83333333333333,ROAD ANOMALY - TYPE UNCERTAIN,WEAK,MONITOR
55,24.37964126141414,88.5894954629697,2,1,"Bump,UNKNOWN",False,1,1,REC_14.csv,1,0,1,0,True,0.3333333333333333,0.4,1.0,0.5,0.0,42.83333333333333,BUMP,WEAK,MONITOR
64,24.38843354,88.5917905775,2,1,"Bump,Pothole",False,1,1,REC_20.csv,1,1,0,0,True,0.3333333333333333,0.4,0.5,1.0,0.0,42.83333333333333,ROAD ANOMALY - TYPE UNCERTAIN,WEAK,MONITOR
105,24.3734620825,88.53301380549999,2,1,"Bump,Pothole",False,1,1,REC_5.csv,1,1,0,0,True,0.3333333333333333,0.4,0.5,1.0,0.0,42.83333333333333,ROAD ANOMALY - TYPE UNCERTAIN,WEAK,MONITOR
117,24.367449765,88.757501866,2,1,"Bump,UNKNOWN",False,1,1,REC_52.csv,1,0,1,0,True,0.3333333333333333,0.4,1.0,0.5,0.0,42.83333333333333,BUMP,WEAK,MONITOR
139,24.417739216,88.5293110245,2,1,"Bump,UNKNOWN",False,1,1,REC_62.csv,1,0,1,0,True,0.3333333333333333,0.4,1.0,0.5,0.0,42.83333333333333,BUMP,WEAK,MONITOR
185,24.370452634,88.722806639,2,1,"Bump,UNKNOWN",False,1,1,REC_83.csv,1,0,1,0,True,0.3333333333333333,0.4,1.0,0.5,0.0,42.83333333333333,BUMP,WEAK,MONITOR
286,24.488325316,88.57962788149999,2,1,"Bump,UNKNOWN",False,1,1,REC_95.csv,1,0,1,0,True,0.3333333333333333,0.4,1.0,0.5,0.0,42.83333333333333,BUMP,WEAK,MONITOR
287,24.48866037,88.579123614,2,1,"Bump,UNKNOWN",False,1,1,REC_95.csv,1,0,1,0,True,0.3333333333333333,0.4,1.0,0.5,0.0,42.83333333333333,BUMP,WEAK,MONITOR
291,24.492871565,88.576760491,2,1,"Bump,UNKNOWN",False,1,1,REC_95.csv,1,0,1,0,True,0.3333333333333333,0.4,1.0,0.5,0.0,42.83333333333333,BUMP,WEAK,MONITOR
293,24.47441436,88.59196116250001,2,1,"Bump,Pothole",False,1,1,REC_96.csv,1,1,0,0,True,0.3333333333333333,0.4,0.5,1.0,0.0,42.83333333333333,ROAD ANOMALY - TYPE UNCERTAIN,WEAK,MONITOR
43,24.375617566000003,88.62232051000001,2,2,Bump,True,2,2,REC_103.csv|REC_33.csv,2,0,0,0,False,0.0,0.4,1.0,1.0,1.0,42.0,BUMP,MODERATE,INSPECT
41,24.381185514,88.619600954,1,1,"Bump,Pothole",False,1,1,REC_102.csv,1,1,0,0,True,0.3333333333333333,0.2,0.5,1.0,0.0,41.83333333333333,ROAD ANOMALY - TYPE UNCERTAIN,WEAK,MONITOR
59,24.381150576,88.587454104,1,1,"Bump,Pothole",False,1,1,REC_17.csv,1,1,0,0,True,0.3333333333333333,0.2,0.5,1.0,0.0,41.83333333333333,ROAD ANOMALY - TYPE UNCERTAIN,WEAK,MONITOR
65,24.38830468,88.59212553,1,1,"Bump,Pothole",False,1,1,REC_20.csv,1,1,0,0,True,0.3333333333333333,0.2,0.5,1.0,0.0,41.83333333333333,ROAD ANOMALY - TYPE UNCERTAIN,WEAK,MONITOR
67,24.3877095,88.59291438000001,1,1,"Bump,Pothole",False,1,1,REC_20.csv,1,1,0,0,True,0.3333333333333333,0.2,0.5,1.0,0.0,41.83333333333333,ROAD ANOMALY - TYPE UNCERTAIN,WEAK,MONITOR
81,24.37452705,88.60760862400001,1,1,"Bump,Pothole",False,1,1,REC_29.csv,1,1,0,0,True,0.3333333333333333,0.2,0.5,1.0,0.0,41.83333333333333,ROAD ANOMALY - TYPE UNCERTAIN,WEAK,MONITOR
91,24.373569524,88.533744332,1,1,"Bump,Pothole",False,1,1,REC_4.csv,1,1,0,0,True,0.3333333333333333,0.2,0.5,1.0,0.0,41.83333333333333,ROAD ANOMALY - TYPE UNCERTAIN,WEAK,MONITOR
111,24.368116536,88.75135645399999,1,1,"Bump,Pothole",False,1,1,REC_51.csv,1,1,0,0,True,0.3333333333333333,0.2,0.5,1.0,0.0,41.83333333333333,ROAD ANOMALY - TYPE UNCERTAIN,WEAK,MONITOR
147,24.43192351,88.53372855,1,1,"Bump,Pothole",False,1,1,REC_65.csv,1,1,0,0,True,0.3333333333333333,0.2,0.5,1.0,0.0,41.83333333333333,ROAD ANOMALY - TYPE UNCERTAIN,WEAK,MONITOR
152,24.374279043,88.542577564,1,1,"Bump,Pothole",False,1,1,REC_7.csv,1,1,0,0,True,0.3333333333333333,0.2,0.5,1.0,0.0,41.83333333333333,ROAD ANOMALY - TYPE UNCERTAIN,WEAK,MONITOR
153,24.373364018,88.540285452,1,1,"Bump,Pothole",False,1,1,REC_7.csv,1,1,0,0,True,0.3333333333333333,0.2,0.5,1.0,0.0,41.83333333333333,ROAD ANOMALY - TYPE UNCERTAIN,WEAK,MONITOR
159,24.404830228,88.580245794,1,1,"Bump,Pothole",False,1,1,REC_70.csv,1,1,0,0,True,0.3333333333333333,0.2,0.5,1.0,0.0,41.83333333333333,ROAD ANOMALY - TYPE UNCERTAIN,WEAK,MONITOR
182,24.46857038421053,88.53229158842105,1,1,"Bump,Pothole",False,1,1,REC_80.csv,1,1,0,0,True,0.3333333333333333,0.2,0.5,1.0,0.0,41.83333333333333,ROAD ANOMALY - TYPE UNCERTAIN,WEAK,MONITOR
203,24.530767104,88.589736974,1,1,"Bump,Pothole",False,1,1,REC_89.csv,1,1,0,0,True,0.3333333333333333,0.2,0.5,1.0,0.0,41.83333333333333,ROAD ANOMALY - TYPE UNCERTAIN,WEAK,MONITOR
205,24.529632988,88.59765498,1,1,"Bump,Pothole",False,1,1,REC_89.csv,1,1,0,0,True,0.3333333333333333,0.2,0.5,1.0,0.0,41.83333333333333,ROAD ANOMALY - TYPE UNCERTAIN,WEAK,MONITOR
213,24.53409837,88.575862305,1,1,"Bump,Pothole",False,1,1,REC_90.csv,1,1,0,0,True,0.3333333333333333,0.2,0.5,1.0,0.0,41.83333333333333,ROAD ANOMALY - TYPE UNCERTAIN,WEAK,MONITOR
217,24.53292536,88.580182685,1,1,"Bump,Pothole",False,1,1,REC_90.csv,1,1,0,0,True,0.3333333333333333,0.2,0.5,1.0,0.0,41.83333333333333,ROAD ANOMALY - TYPE UNCERTAIN,WEAK,MONITOR
220,24.53153094,88.58270365999999,1,1,"Bump,Pothole",False,1,1,REC_90.csv,1,1,0,0,True,0.3333333333333333,0.2,0.5,1.0,0.0,41.83333333333333,ROAD ANOMALY - TYPE UNCERTAIN,WEAK,MONITOR
273,24.504607487,88.569542986,1,1,"Bump,Pothole",False,1,1,REC_94.csv,1,1,0,0,True,0.3333333333333333,0.2,0.5,1.0,0.0,41.83333333333333,ROAD ANOMALY - TYPE UNCERTAIN,WEAK,MONITOR
324,24.472603987,88.593138689,1,1,"Bump,Pothole",False,1,1,REC_97.csv,1,1,0,0,True,0.3333333333333333,0.2,0.5,1.0,0.0,41.83333333333333,ROAD ANOMALY - TYPE UNCERTAIN,WEAK,MONITOR
327,24.452500064,88.61051654,1,1,"Bump,Pothole",False,1,1,REC_98.csv,1,1,0,0,True,0.3333333333333333,0.2,0.5,1.0,0.0,41.83333333333333,ROAD ANOMALY - TYPE UNCERTAIN,WEAK,MONITOR
296,24.477135205,88.59010895,4,1,"Bump,UNKNOWN",False,1,1,REC_96.csv,1,0,3,0,True,0.3333333333333333,0.8,1.0,0.25,0.0,41.08333333333333,BUMP,WEAK,MONITOR
134,24.373773205,88.53575179,6,1,"Bump,Pothole,Pothole,UNKNOWN",False,1,1,REC_6.csv,1,2,4,0,True,0.3333333333333333,1.0,0.6666666666666666,0.5,0.0,40.83333333333333,ROAD ANOMALY - TYPE UNCERTAIN,WEAK,MONITOR
54,24.378587088,88.58923462999999,7,1,"Bump,UNKNOWN",False,1,1,REC_14.csv,1,0,6,0,True,0.3333333333333333,1.0,1.0,0.14285714285714285,0.0,40.476190476190474,BUMP,WEAK,MONITOR
163,24.42392453690476,88.56605204,3,1,"Bump,Pothole,UNKNOWN",False,1,1,REC_73.csv,1,1,1,0,True,0.3333333333333333,0.6,0.5,0.6666666666666666,0.0,38.83333333333333,ROAD ANOMALY - TYPE UNCERTAIN,LOW,INSUFFICIENT EVIDENCE
156,24.40305369376506,88.58033740183735,2,2,"Bump,Bump,Pothole",True,2,2,REC_70.csv|REC_71.csv,2,1,0,0,False,0.0,0.4,0.6666666666666666,1.0,1.0,37.0,ROAD ANOMALY - TYPE UNCERTAIN,LOW,INSUFFICIENT EVIDENCE
78,24.3728377595,88.60297189299999,4,1,Pothole,False,1,1,REC_26.csv,0,4,0,0,False,0.0,0.8,1.0,1.0,0.0,34.0,POTHOLE,LOW,INSUFFICIENT EVIDENCE
30,24.404910238,88.616602653,3,1,Pothole,False,1,1,REC_101.csv,0,3,0,0,False,0.0,0.6,1.0,1.0,0.0,33.0,POTHOLE,LOW,INSUFFICIENT EVIDENCE
66,24.388017825,88.5925272575,2,1,Pothole,False,1,1,REC_20.csv,0,2,0,0,False,0.0,0.4,1.0,1.0,0.0,32.0,POTHOLE,LOW,INSUFFICIENT EVIDENCE
149,24.435817999,88.535110297,2,1,Bump,False,1,1,REC_66.csv,2,0,0,0,False,0.0,0.4,1.0,1.0,0.0,32.0,BUMP,LOW,INSUFFICIENT EVIDENCE
222,24.521934113,88.55996488299999,2,1,Bump,False,1,1,REC_91.csv,2,0,0,0,False,0.0,0.4,1.0,1.0,0.0,32.0,BUMP,LOW,INSUFFICIENT EVIDENCE
312,24.467387562145834,88.59546601335417,2,1,Pothole,False,1,1,REC_97.csv,0,2,0,0,False,0.0,0.4,1.0,1.0,0.0,32.0,POTHOLE,LOW,INSUFFICIENT EVIDENCE
0,24.374822412,88.604294156,1,1,Pothole,False,1,1,REC_1.csv,0,1,0,0,False,0.0,0.2,1.0,1.0,0.0,31.0,POTHOLE,LOW,INSUFFICIENT EVIDENCE
6,24.433676572,88.610694108,1,1,Bump,False,1,1,REC_100.csv,1,0,0,0,False,0.0,0.2,1.0,1.0,0.0,31.0,BUMP,LOW,INSUFFICIENT EVIDENCE
7,24.385277203,88.618734913,1,1,Bump,False,1,1,REC_101.csv,1,0,0,0,False,0.0,0.2,1.0,1.0,0.0,31.0,BUMP,LOW,INSUFFICIENT EVIDENCE
11,24.389800176,88.618054076,1,1,Bump,False,1,1,REC_101.csv,1,0,0,0,False,0.0,0.2,1.0,1.0,0.0,31.0,BUMP,LOW,INSUFFICIENT EVIDENCE
12,24.39061970495049,88.61790346138613,1,1,Pothole,False,1,1,REC_101.csv,0,1,0,0,False,0.0,0.2,1.0,1.0,0.0,31.0,POTHOLE,LOW,INSUFFICIENT EVIDENCE
20,24.397446876,88.617005148,1,1,Pothole,False,1,1,REC_101.csv,0,1,0,0,False,0.0,0.2,1.0,1.0,0.0,31.0,POTHOLE,LOW,INSUFFICIENT EVIDENCE
21,24.397781024,88.61698876,1,1,Pothole,False,1,1,REC_101.csv,0,1,0,0,False,0.0,0.2,1.0,1.0,0.0,31.0,POTHOLE,LOW,INSUFFICIENT EVIDENCE
22,24.398697734,88.61693717499999,1,1,Pothole,False,1,1,REC_101.csv,0,1,0,0,False,0.0,0.2,1.0,1.0,0.0,31.0,POTHOLE,LOW,INSUFFICIENT EVIDENCE
24,24.399494468,88.616878756,1,1,Pothole,False,1,1,REC_101.csv,0,1,0,0,False,0.0,0.2,1.0,1.0,0.0,31.0,POTHOLE,LOW,INSUFFICIENT EVIDENCE
27,24.402771655,88.616647172,1,1,Pothole,False,1,1,REC_101.csv,0,1,0,0,False,0.0,0.2,1.0,1.0,0.0,31.0,POTHOLE,LOW,INSUFFICIENT EVIDENCE
28,24.403282621,88.61664608019802,1,1,Pothole,False,1,1,REC_101.csv,0,1,0,0,False,0.0,0.2,1.0,1.0,0.0,31.0,POTHOLE,LOW,INSUFFICIENT EVIDENCE
29,24.403656914,88.616636364,1,1,Pothole,False,1,1,REC_101.csv,0,1,0,0,False,0.0,0.2,1.0,1.0,0.0,31.0,POTHOLE,LOW,INSUFFICIENT EVIDENCE
31,24.405523149,88.616570697,1,1,Pothole,False,1,1,REC_101.csv,0,1,0,0,False,0.0,0.2,1.0,1.0,0.0,31.0,POTHOLE,LOW,INSUFFICIENT EVIDENCE
56,24.379347406,88.564506743,1,1,Bump,False,1,1,REC_15.csv,1,0,0,0,False,0.0,0.2,1.0,1.0,0.0,31.0,BUMP,LOW,INSUFFICIENT EVIDENCE
63,24.3732946,88.5313747,1,1,Bump,False,1,1,REC_2.csv,1,0,0,0,False,0.0,0.2,1.0,1.0,0.0,31.0,BUMP,LOW,INSUFFICIENT EVIDENCE
95,24.374739902,88.642971668,1,1,Bump,False,1,1,REC_43.csv,1,0,0,0,False,0.0,0.2,1.0,1.0,0.0,31.0,BUMP,LOW,INSUFFICIENT EVIDENCE
96,24.374319997,88.642973399,1,1,Bump,False,1,1,REC_43.csv,1,0,0,0,False,0.0,0.2,1.0,1.0,0.0,31.0,BUMP,LOW,INSUFFICIENT EVIDENCE
97,24.37393566526316,88.64297398947367,1,1,Pothole,False,1,1,REC_44.csv,0,1,0,0,False,0.0,0.2,1.0,1.0,0.0,31.0,POTHOLE,LOW,INSUFFICIENT EVIDENCE
98,24.373374911,88.64297189199999,1,1,Pothole,False,1,1,REC_44.csv,0,1,0,0,False,0.0,0.2,1.0,1.0,0.0,31.0,POTHOLE,LOW,INSUFFICIENT EVIDENCE
136,24.406820408,88.522920604,1,1,Pothole,False,1,1,REC_60.csv,0,1,0,0,False,0.0,0.2,1.0,1.0,0.0,31.0,POTHOLE,LOW,INSUFFICIENT EVIDENCE
138,24.41454191,88.523356084,1,1,Bump,False,1,1,REC_61.csv,1,0,0,0,False,0.0,0.2,1.0,1.0,0.0,31.0,BUMP,LOW,INSUFFICIENT EVIDENCE
150,24.437809498,88.535290532,1,1,Bump,False,1,1,REC_67.csv,1,0,0,0,False,0.0,0.2,1.0,1.0,0.0,31.0,BUMP,LOW,INSUFFICIENT EVIDENCE
155,24.402302032,88.58028173800001,1,1,Bump,False,1,1,REC_70.csv,1,0,0,0,False,0.0,0.2,1.0,1.0,0.0,31.0,BUMP,LOW,INSUFFICIENT EVIDENCE
158,24.404526495,88.580504034,1,1,Pothole,False,1,1,REC_70.csv,0,1,0,0,False,0.0,0.2,1.0,1.0,0.0,31.0,POTHOLE,LOW,INSUFFICIENT EVIDENCE
171,24.463881416,88.533017016,1,1,Bump,False,1,1,REC_77.csv,1,0,0,0,False,0.0,0.2,1.0,1.0,0.0,31.0,BUMP,LOW,INSUFFICIENT EVIDENCE
184,24.36563131609196,88.83729145287357,1,1,Bump,False,1,1,REC_82.csv,1,0,0,0,False,0.0,0.2,1.0,1.0,0.0,31.0,BUMP,LOW,INSUFFICIENT EVIDENCE
221,24.521146079,88.55995184400001,1,1,Bump,False,1,1,REC_91.csv,1,0,0,0,False,0.0,0.2,1.0,1.0,0.0,31.0,BUMP,LOW,INSUFFICIENT EVIDENCE
267,24.51937306,88.559851572,1,1,Bump,False,1,1,REC_93.csv,1,0,0,0,False,0.0,0.2,1.0,1.0,0.0,31.0,BUMP,LOW,INSUFFICIENT EVIDENCE
304,24.463886988,88.596122864,1,1,Pothole,False,1,1,REC_97.csv,0,1,0,0,False,0.0,0.2,1.0,1.0,0.0,31.0,POTHOLE,LOW,INSUFFICIENT EVIDENCE
305,24.464228964,88.59611889199999,1,1,Pothole,False,1,1,REC_97.csv,0,1,0,0,False,0.0,0.2,1.0,1.0,0.0,31.0,POTHOLE,LOW,INSUFFICIENT EVIDENCE
306,24.464697832,88.596103566,1,1,Pothole,False,1,1,REC_97.csv,0,1,0,0,False,0.0,0.2,1.0,1.0,0.0,31.0,POTHOLE,LOW,INSUFFICIENT EVIDENCE
307,24.46508839,88.596061696,1,1,Pothole,False,1,1,REC_97.csv,0,1,0,0,False,0.0,0.2,1.0,1.0,0.0,31.0,POTHOLE,LOW,INSUFFICIENT EVIDENCE
308,24.465617416,88.59596326,1,1,Pothole,False,1,1,REC_97.csv,0,1,0,0,False,0.0,0.2,1.0,1.0,0.0,31.0,POTHOLE,LOW,INSUFFICIENT EVIDENCE
17,24.395246318,88.61724576363638,3,1,"Bump,Pothole",False,1,1,REC_101.csv,1,2,0,0,False,0.0,0.6,0.6666666666666666,1.0,0.0,28.0,ROAD ANOMALY - TYPE UNCERTAIN,LOW,INSUFFICIENT EVIDENCE
303,24.46340067994068,88.59615765225423,2,1,"Bump,Pothole,Pothole",False,1,1,REC_97.csv,1,2,0,0,False,0.0,0.4,0.6666666666666666,1.0,0.0,27.0,ROAD ANOMALY - TYPE UNCERTAIN,LOW,INSUFFICIENT EVIDENCE
49,24.378406547,88.62471011400001,2,1,"Pothole,UNKNOWN",False,1,1,REC_103.csv,0,1,1,0,False,0.0,0.4,1.0,0.5,0.0,24.5,POTHOLE,LOW,INSUFFICIENT EVIDENCE
157,24.40403069272727,88.58044658654546,2,1,"Bump,Pothole",False,1,1,REC_70.csv,1,1,0,0,False,0.0,0.4,0.5,1.0,0.0,24.5,ROAD ANOMALY - TYPE UNCERTAIN,LOW,INSUFFICIENT EVIDENCE
144,24.433576305,88.53353927,1,1,"Bump,Pothole",False,1,1,REC_65.csv,1,1,0,0,False,0.0,0.2,0.5,1.0,0.0,23.5,ROAD ANOMALY - TYPE UNCERTAIN,LOW,INSUFFICIENT EVIDENCE
145,24.43327944,88.53360337,1,1,"Bump,Pothole",False,1,1,REC_65.csv,1,1,0,0,False,0.0,0.2,0.5,1.0,0.0,23.5,ROAD ANOMALY - TYPE UNCERTAIN,LOW,INSUFFICIENT EVIDENCE
146,24.43274088,88.53373557,1,1,"Bump,Pothole",False,1,1,REC_65.csv,1,1,0,0,False,0.0,0.2,0.5,1.0,0.0,23.5,ROAD ANOMALY - TYPE UNCERTAIN,LOW,INSUFFICIENT EVIDENCE
100,24.365182931578943,88.66719730000001,4,4,UNKNOWN,True,4,1,DUP_0042,0,0,4,0,True,0.3333333333333333,0.8,0.0,0.0,0.0,22.333333333333332,UNKNOWN ROAD ANOMALY,LOW,INSUFFICIENT EVIDENCE
5,24.428455136,88.610749505,1,1,UNKNOWN,False,1,1,REC_100.csv,0,0,1,0,True,0.3333333333333333,0.2,0.0,0.0,0.0,19.333333333333332,UNKNOWN ROAD ANOMALY,LOW,INSUFFICIENT EVIDENCE
13,24.391074654,88.617823787,1,1,UNKNOWN,False,1,1,REC_101.csv,0,0,1,0,True,0.3333333333333333,0.2,0.0,0.0,0.0,19.333333333333332,UNKNOWN ROAD ANOMALY,LOW,INSUFFICIENT EVIDENCE
14,24.391507042,88.61775327199999,1,1,UNKNOWN,False,1,1,REC_101.csv,0,0,1,0,True,0.3333333333333333,0.2,0.0,0.0,0.0,19.333333333333332,UNKNOWN ROAD ANOMALY,LOW,INSUFFICIENT EVIDENCE
15,24.39252504,88.617604097,1,1,UNKNOWN,False,1,1,REC_101.csv,0,0,1,0,True,0.3333333333333333,0.2,0.0,0.0,0.0,19.333333333333332,UNKNOWN ROAD ANOMALY,LOW,INSUFFICIENT EVIDENCE
25,24.40017829,88.616832762,1,1,UNKNOWN,False,1,1,REC_101.csv,0,0,1,0,True,0.3333333333333333,0.2,0.0,0.0,0.0,19.333333333333332,UNKNOWN ROAD ANOMALY,LOW,INSUFFICIENT EVIDENCE
36,24.380809531,88.623156717,1,1,UNKNOWN,False,1,1,REC_102.csv,0,0,1,0,True,0.3333333333333333,0.2,0.0,0.0,0.0,19.333333333333332,UNKNOWN ROAD ANOMALY,LOW,INSUFFICIENT EVIDENCE
58,24.377827007,88.58339096600001,1,1,UNKNOWN,False,1,1,REC_16.csv,0,0,1,0,True,0.3333333333333333,0.2,0.0,0.0,0.0,19.333333333333332,UNKNOWN ROAD ANOMALY,LOW,INSUFFICIENT EVIDENCE
72,24.394672426,88.572244146,1,1,UNKNOWN,False,1,1,REC_22.csv,0,0,1,0,True,0.3333333333333333,0.2,0.0,0.0,0.0,19.333333333333332,UNKNOWN ROAD ANOMALY,LOW,INSUFFICIENT EVIDENCE
88,24.3758384,88.6360331,1,1,UNKNOWN,False,1,1,REC_39.csv,0,0,1,0,True,0.3333333333333333,0.2,0.0,0.0,0.0,19.333333333333332,UNKNOWN ROAD ANOMALY,LOW,INSUFFICIENT EVIDENCE
104,24.365426206,88.675790303,1,1,UNKNOWN,False,1,1,REC_48.csv,0,0,1,0,True,0.3333333333333333,0.2,0.0,0.0,0.0,19.333333333333332,UNKNOWN ROAD ANOMALY,LOW,INSUFFICIENT EVIDENCE
121,24.381248632,88.769490848,1,1,UNKNOWN,False,1,1,REC_53.csv,0,0,1,0,True,0.3333333333333333,0.2,0.0,0.0,0.0,19.333333333333332,UNKNOWN ROAD ANOMALY,LOW,INSUFFICIENT EVIDENCE
125,24.380581486,88.58505556099999,1,1,UNKNOWN,False,1,1,REC_57.csv,0,0,1,0,True,0.3333333333333333,0.2,0.0,0.0,0.0,19.333333333333332,UNKNOWN ROAD ANOMALY,LOW,INSUFFICIENT EVIDENCE
127,24.370937289,88.61821047800001,1,1,UNKNOWN,False,1,1,REC_58.csv,0,0,1,0,True,0.3333333333333333,0.2,0.0,0.0,0.0,19.333333333333332,UNKNOWN ROAD ANOMALY,LOW,INSUFFICIENT EVIDENCE
130,24.387589601,88.595264421,1,1,UNKNOWN,False,1,1,REC_59.csv,0,0,1,0,True,0.3333333333333333,0.2,0.0,0.0,0.0,19.333333333333332,UNKNOWN ROAD ANOMALY,LOW,INSUFFICIENT EVIDENCE
131,24.387963968,88.595495024,1,1,UNKNOWN,False,1,1,REC_59.csv,0,0,1,0,True,0.3333333333333333,0.2,0.0,0.0,0.0,19.333333333333332,UNKNOWN ROAD ANOMALY,LOW,INSUFFICIENT EVIDENCE
135,24.4071537,88.523006775,1,1,UNKNOWN,False,1,1,REC_60.csv,0,0,1,0,True,0.3333333333333333,0.2,0.0,0.0,0.0,19.333333333333332,UNKNOWN ROAD ANOMALY,LOW,INSUFFICIENT EVIDENCE
166,24.45360852156863,88.53661259019609,1,1,UNKNOWN,False,1,1,REC_76.csv,0,0,1,0,True,0.3333333333333333,0.2,0.0,0.0,0.0,19.333333333333332,UNKNOWN ROAD ANOMALY,LOW,INSUFFICIENT EVIDENCE
177,24.375889981,88.546706085,1,1,UNKNOWN,False,1,1,REC_8.csv,0,0,1,0,True,0.3333333333333333,0.2,0.0,0.0,0.0,19.333333333333332,UNKNOWN ROAD ANOMALY,LOW,INSUFFICIENT EVIDENCE
178,24.375777464,88.54640748,1,1,UNKNOWN,False,1,1,REC_8.csv,0,0,1,0,True,0.3333333333333333,0.2,0.0,0.0,0.0,19.333333333333332,UNKNOWN ROAD ANOMALY,LOW,INSUFFICIENT EVIDENCE
186,24.37086595,88.72244678199999,1,1,UNKNOWN,False,1,1,REC_83.csv,0,0,1,0,True,0.3333333333333333,0.2,0.0,0.0,0.0,19.333333333333332,UNKNOWN ROAD ANOMALY,LOW,INSUFFICIENT EVIDENCE
191,24.520989878,88.62089354,1,1,UNKNOWN,False,1,1,REC_88.csv,0,0,1,0,True,0.3333333333333333,0.2,0.0,0.0,0.0,19.333333333333332,UNKNOWN ROAD ANOMALY,LOW,INSUFFICIENT EVIDENCE
192,24.51938626,88.621819438,1,1,UNKNOWN,False,1,1,REC_88.csv,0,0,1,0,True,0.3333333333333333,0.2,0.0,0.0,0.0,19.333333333333332,UNKNOWN ROAD ANOMALY,LOW,INSUFFICIENT EVIDENCE
193,24.51773621,88.623607129,1,1,UNKNOWN,False,1,1,REC_88.csv,0,0,1,0,True,0.3333333333333333,0.2,0.0,0.0,0.0,19.333333333333332,UNKNOWN ROAD ANOMALY,LOW,INSUFFICIENT EVIDENCE
194,24.517417861,88.623805262,1,1,UNKNOWN,False,1,1,REC_88.csv,0,0,1,0,True,0.3333333333333333,0.2,0.0,0.0,0.0,19.333333333333332,UNKNOWN ROAD ANOMALY,LOW,INSUFFICIENT EVIDENCE
195,24.516268,88.624844498,1,1,UNKNOWN,False,1,1,REC_88.csv,0,0,1,0,True,0.3333333333333333,0.2,0.0,0.0,0.0,19.333333333333332,UNKNOWN ROAD ANOMALY,LOW,INSUFFICIENT EVIDENCE
196,24.51605952,88.62503917,1,1,UNKNOWN,False,1,1,REC_88.csv,0,0,1,0,True,0.3333333333333333,0.2,0.0,0.0,0.0,19.333333333333332,UNKNOWN ROAD ANOMALY,LOW,INSUFFICIENT EVIDENCE
197,24.515878602,88.625591149,1,1,UNKNOWN,False,1,1,REC_88.csv,0,0,1,0,True,0.3333333333333333,0.2,0.0,0.0,0.0,19.333333333333332,UNKNOWN ROAD ANOMALY,LOW,INSUFFICIENT EVIDENCE
198,24.515893766,88.626363748,1,1,UNKNOWN,False,1,1,REC_88.csv,0,0,1,0,True,0.3333333333333333,0.2,0.0,0.0,0.0,19.333333333333332,UNKNOWN ROAD ANOMALY,LOW,INSUFFICIENT EVIDENCE
199,24.5157199,88.62701498999999,1,1,UNKNOWN,False,1,1,REC_88.csv,0,0,1,0,True,0.3333333333333333,0.2,0.0,0.0,0.0,19.333333333333332,UNKNOWN ROAD ANOMALY,LOW,INSUFFICIENT EVIDENCE
200,24.514900006,88.62952164,1,1,UNKNOWN,False,1,1,REC_88.csv,0,0,1,0,True,0.3333333333333333,0.2,0.0,0.0,0.0,19.333333333333332,UNKNOWN ROAD ANOMALY,LOW,INSUFFICIENT EVIDENCE
201,24.514535262,88.630829482,1,1,UNKNOWN,False,1,1,REC_88.csv,0,0,1,0,True,0.3333333333333333,0.2,0.0,0.0,0.0,19.333333333333332,UNKNOWN ROAD ANOMALY,LOW,INSUFFICIENT EVIDENCE
206,24.529233144,88.600713272,1,1,UNKNOWN,False,1,1,REC_89.csv,0,0,1,0,True,0.3333333333333333,0.2,0.0,0.0,0.0,19.333333333333332,UNKNOWN ROAD ANOMALY,LOW,INSUFFICIENT EVIDENCE
207,24.529061649,88.601888724,1,1,UNKNOWN,False,1,1,REC_89.csv,0,0,1,0,True,0.3333333333333333,0.2,0.0,0.0,0.0,19.333333333333332,UNKNOWN ROAD ANOMALY,LOW,INSUFFICIENT EVIDENCE
212,24.53721544,88.57458754,1,1,UNKNOWN,False,1,1,REC_90.csv,0,0,1,0,True,0.3333333333333333,0.2,0.0,0.0,0.0,19.333333333333332,UNKNOWN ROAD ANOMALY,LOW,INSUFFICIENT EVIDENCE
218,24.53256717,88.58130037000001,1,1,UNKNOWN,False,1,1,REC_90.csv,0,0,1,0,True,0.3333333333333333,0.2,0.0,0.0,0.0,19.333333333333332,UNKNOWN ROAD ANOMALY,LOW,INSUFFICIENT EVIDENCE
233,24.534223541,88.569571155,1,1,UNKNOWN,False,1,1,REC_91.csv,0,0,1,0,True,0.3333333333333333,0.2,0.0,0.0,0.0,19.333333333333332,UNKNOWN ROAD ANOMALY,LOW,INSUFFICIENT EVIDENCE
237,24.51426185,88.631950102,1,1,UNKNOWN,False,1,1,REC_92.csv,0,0,1,0,True,0.3333333333333333,0.2,0.0,0.0,0.0,19.333333333333332,UNKNOWN ROAD ANOMALY,LOW,INSUFFICIENT EVIDENCE
238,24.514028277,88.632887605,1,1,UNKNOWN,False,1,1,REC_92.csv,0,0,1,0,True,0.3333333333333333,0.2,0.0,0.0,0.0,19.333333333333332,UNKNOWN ROAD ANOMALY,LOW,INSUFFICIENT EVIDENCE
240,24.513531884,88.63469961599999,1,1,UNKNOWN,False,1,1,REC_92.csv,0,0,1,0,True,0.3333333333333333,0.2,0.0,0.0,0.0,19.333333333333332,UNKNOWN ROAD ANOMALY,LOW,INSUFFICIENT EVIDENCE
241,24.513368031,88.635428244,1,1,UNKNOWN,False,1,1,REC_92.csv,0,0,1,0,True,0.3333333333333333,0.2,0.0,0.0,0.0,19.333333333333332,UNKNOWN ROAD ANOMALY,LOW,INSUFFICIENT EVIDENCE
242,24.512772608,88.63579267200001,1,1,UNKNOWN,False,1,1,REC_92.csv,0,0,1,0,True,0.3333333333333333,0.2,0.0,0.0,0.0,19.333333333333332,UNKNOWN ROAD ANOMALY,LOW,INSUFFICIENT EVIDENCE
243,24.512099496,88.635119712,1,1,UNKNOWN,False,1,1,REC_92.csv,0,0,1,0,True,0.3333333333333333,0.2,0.0,0.0,0.0,19.333333333333332,UNKNOWN ROAD ANOMALY,LOW,INSUFFICIENT EVIDENCE
244,24.51166073,88.63461384200001,1,1,UNKNOWN,False,1,1,REC_92.csv,0,0,1,0,True,0.3333333333333333,0.2,0.0,0.0,0.0,19.333333333333332,UNKNOWN ROAD ANOMALY,LOW,INSUFFICIENT EVIDENCE
245,24.511178192,88.633914073,1,1,UNKNOWN,False,1,1,REC_92.csv,0,0,1,0,True,0.3333333333333333,0.2,0.0,0.0,0.0,19.333333333333332,UNKNOWN ROAD ANOMALY,LOW,INSUFFICIENT EVIDENCE
246,24.510910662,88.633508438,1,1,UNKNOWN,False,1,1,REC_92.csv,0,0,1,0,True,0.3333333333333333,0.2,0.0,0.0,0.0,19.333333333333332,UNKNOWN ROAD ANOMALY,LOW,INSUFFICIENT EVIDENCE
247,24.510732747,88.633229113,1,1,UNKNOWN,False,1,1,REC_92.csv,0,0,1,0,True,0.3333333333333333,0.2,0.0,0.0,0.0,19.333333333333332,UNKNOWN ROAD ANOMALY,LOW,INSUFFICIENT EVIDENCE
248,24.51031061,88.63260031,1,1,UNKNOWN,False,1,1,REC_92.csv,0,0,1,0,True,0.3333333333333333,0.2,0.0,0.0,0.0,19.333333333333332,UNKNOWN ROAD ANOMALY,LOW,INSUFFICIENT EVIDENCE
249,24.509944796,88.632038584,1,1,UNKNOWN,False,1,1,REC_92.csv,0,0,1,0,True,0.3333333333333333,0.2,0.0,0.0,0.0,19.333333333333332,UNKNOWN ROAD ANOMALY,LOW,INSUFFICIENT EVIDENCE
250,24.509205402,88.630886109,1,1,UNKNOWN,False,1,1,REC_92.csv,0,0,1,0,True,0.3333333333333333,0.2,0.0,0.0,0.0,19.333333333333332,UNKNOWN ROAD ANOMALY,LOW,INSUFFICIENT EVIDENCE
251,24.508619161,88.629946271,1,1,UNKNOWN,False,1,1,REC_92.csv,0,0,1,0,True,0.3333333333333333,0.2,0.0,0.0,0.0,19.333333333333332,UNKNOWN ROAD ANOMALY,LOW,INSUFFICIENT EVIDENCE
252,24.508336133,88.62953026,1,1,UNKNOWN,False,1,1,REC_92.csv,0,0,1,0,True,0.3333333333333333,0.2,0.0,0.0,0.0,19.333333333333332,UNKNOWN ROAD ANOMALY,LOW,INSUFFICIENT EVIDENCE
253,24.50788204,88.62882486400001,1,1,UNKNOWN,False,1,1,REC_92.csv,0,0,1,0,True,0.3333333333333333,0.2,0.0,0.0,0.0,19.333333333333332,UNKNOWN ROAD ANOMALY,LOW,INSUFFICIENT EVIDENCE
276,24.480283096,88.588001032,1,1,UNKNOWN,False,1,1,REC_95.csv,0,0,1,0,True,0.3333333333333333,0.2,0.0,0.0,0.0,19.333333333333332,UNKNOWN ROAD ANOMALY,LOW,INSUFFICIENT EVIDENCE
277,24.480873611,88.587598903,1,1,UNKNOWN,False,1,1,REC_95.csv,0,0,1,0,True,0.3333333333333333,0.2,0.0,0.0,0.0,19.333333333333332,UNKNOWN ROAD ANOMALY,LOW,INSUFFICIENT EVIDENCE
278,24.482481778,88.586560272,1,1,UNKNOWN,False,1,1,REC_95.csv,0,0,1,0,True,0.3333333333333333,0.2,0.0,0.0,0.0,19.333333333333332,UNKNOWN ROAD ANOMALY,LOW,INSUFFICIENT EVIDENCE
279,24.483306246,88.585981876,1,1,UNKNOWN,False,1,1,REC_95.csv,0,0,1,0,True,0.3333333333333333,0.2,0.0,0.0,0.0,19.333333333333332,UNKNOWN ROAD ANOMALY,LOW,INSUFFICIENT EVIDENCE
285,24.487896953,88.581538241,1,1,UNKNOWN,False,1,1,REC_95.csv,0,0,1,0,True,0.3333333333333333,0.2,0.0,0.0,0.0,19.333333333333332,UNKNOWN ROAD ANOMALY,LOW,INSUFFICIENT EVIDENCE
288,24.4905621,88.57822832000001,1,1,UNKNOWN,False,1,1,REC_95.csv,0,0,1,0,True,0.3333333333333333,0.2,0.0,0.0,0.0,19.333333333333332,UNKNOWN ROAD ANOMALY,LOW,INSUFFICIENT EVIDENCE
289,24.49131704,88.577730912,1,1,UNKNOWN,False,1,1,REC_95.csv,0,0,1,0,True,0.3333333333333333,0.2,0.0,0.0,0.0,19.333333333333332,UNKNOWN ROAD ANOMALY,LOW,INSUFFICIENT EVIDENCE
297,24.47795716,88.5895659,1,1,UNKNOWN,False,1,1,REC_96.csv,0,0,1,0,True,0.3333333333333333,0.2,0.0,0.0,0.0,19.333333333333332,UNKNOWN ROAD ANOMALY,LOW,INSUFFICIENT EVIDENCE
298,24.478615,88.5891037,1,1,UNKNOWN,False,1,1,REC_96.csv,0,0,1,0,True,0.3333333333333333,0.2,0.0,0.0,0.0,19.333333333333332,UNKNOWN ROAD ANOMALY,LOW,INSUFFICIENT EVIDENCE
299,24.460521944,88.59637376399999,1,1,UNKNOWN,False,1,1,REC_97.csv,0,0,1,0,True,0.3333333333333333,0.2,0.0,0.0,0.0,19.333333333333332,UNKNOWN ROAD ANOMALY,LOW,INSUFFICIENT EVIDENCE
302,24.462634706,88.596211716,1,1,UNKNOWN,False,1,1,REC_97.csv,0,0,1,0,True,0.3333333333333333,0.2,0.0,0.0,0.0,19.333333333333332,UNKNOWN ROAD ANOMALY,LOW,INSUFFICIENT EVIDENCE
325,24.452398644444447,88.61214473333334,1,1,UNKNOWN,False,1,1,REC_98.csv,0,0,1,0,True,0.3333333333333333,0.2,0.0,0.0,0.0,19.333333333333332,UNKNOWN ROAD ANOMALY,LOW,INSUFFICIENT EVIDENCE
332,24.4523961,88.60380656000001,1,1,UNKNOWN,False,1,1,REC_98.csv,0,0,1,0,True,0.3333333333333333,0.2,0.0,0.0,0.0,19.333333333333332,UNKNOWN ROAD ANOMALY,LOW,INSUFFICIENT EVIDENCE
333,24.452359135,88.603419545,1,1,UNKNOWN,False,1,1,REC_98.csv,0,0,1,0,True,0.3333333333333333,0.2,0.0,0.0,0.0,19.333333333333332,UNKNOWN ROAD ANOMALY,LOW,INSUFFICIENT EVIDENCE
334,24.4523442,88.603027745,1,1,UNKNOWN,False,1,1,REC_98.csv,0,0,1,0,True,0.3333333333333333,0.2,0.0,0.0,0.0,19.333333333333332,UNKNOWN ROAD ANOMALY,LOW,INSUFFICIENT EVIDENCE
336,24.45243452,88.60202174,1,1,UNKNOWN,False,1,1,REC_98.csv,0,0,1,0,True,0.3333333333333333,0.2,0.0,0.0,0.0,19.333333333333332,UNKNOWN ROAD ANOMALY,LOW,INSUFFICIENT EVIDENCE
338,24.452903805,88.599929605,1,1,UNKNOWN,False,1,1,REC_98.csv,0,0,1,0,True,0.3333333333333333,0.2,0.0,0.0,0.0,19.333333333333332,UNKNOWN ROAD ANOMALY,LOW,INSUFFICIENT EVIDENCE
339,24.453112355,88.59942575,1,1,UNKNOWN,False,1,1,REC_98.csv,0,0,1,0,True,0.3333333333333333,0.2,0.0,0.0,0.0,19.333333333333332,UNKNOWN ROAD ANOMALY,LOW,INSUFFICIENT EVIDENCE
341,24.45536768,88.59654167000001,1,1,UNKNOWN,False,1,1,REC_98.csv,0,0,1,0,True,0.3333333333333333,0.2,0.0,0.0,0.0,19.333333333333332,UNKNOWN ROAD ANOMALY,LOW,INSUFFICIENT EVIDENCE
342,24.45582306,88.59660008,1,1,UNKNOWN,False,1,1,REC_98.csv,0,0,1,0,True,0.3333333333333333,0.2,0.0,0.0,0.0,19.333333333333332,UNKNOWN ROAD ANOMALY,LOW,INSUFFICIENT EVIDENCE
343,24.45638167,88.59666688,1,1,UNKNOWN,False,1,1,REC_98.csv,0,0,1,0,True,0.3333333333333333,0.2,0.0,0.0,0.0,19.333333333333332,UNKNOWN ROAD ANOMALY,LOW,INSUFFICIENT EVIDENCE
4,24.417707809,88.610848908,1,1,UNKNOWN,False,1,1,REC_100.csv,0,0,1,0,False,0.0,0.2,0.0,0.0,0.0,1.0,UNKNOWN ROAD ANOMALY,LOW,INSUFFICIENT EVIDENCE
23,24.39909067777777,88.61690307777778,1,1,UNKNOWN,False,1,1,REC_101.csv,0,0,1,0,False,0.0,0.2,0.0,0.0,0.0,1.0,UNKNOWN ROAD ANOMALY,LOW,INSUFFICIENT EVIDENCE
53,24.377574373,88.58895358,1,1,UNKNOWN,False,1,1,REC_14.csv,0,0,1,0,False,0.0,0.2,0.0,0.0,0.0,1.0,UNKNOWN ROAD ANOMALY,LOW,INSUFFICIENT EVIDENCE
172,24.46434954,88.53302170399999,1,1,UNKNOWN,False,1,1,REC_77.csv,0,0,1,0,False,0.0,0.2,0.0,0.0,0.0,1.0,UNKNOWN ROAD ANOMALY,LOW,INSUFFICIENT EVIDENCE
344,24.4574788,88.59676780000001,1,1,UNKNOWN,False,1,1,REC_98.csv,0,0,1,0,False,0.0,0.2,0.0,0.0,0.0,1.0,UNKNOWN ROAD ANOMALY,LOW,INSUFFICIENT EVIDENCE
