source_file,event,start,end,duration,peak_motion,max_accel,max_gyro,median_speed_kmh,motion_state,latitude,longitude,label
1.csv,1,8.09,9.59,1.5,1.493,5.06,0.465,2.48,STOPPED,24.374822412,88.604294156,Pothole
10.csv,1,2.59,3.59,1.0,1.496,4.097,1.014,6.09,VERY_SLOW,24.373774168,88.561941671,Pothole
100.csv,1,3.09,5.09,2.0,3.318,7.74,0.825,9.21,VERY_SLOW,24.41134297,88.609437692,Bump
100.csv,2,34.59,36.59,2.0,6.275,14.333,2.43,12.46,VERY_SLOW,24.415141018,88.610452356,Bump
100.csv,3,54.09,56.09,2.0,2.548,5.743,0.674,2.06,STOPPED,24.417707809,88.610848908,UNKNOWN
100.csv,4,131.59,133.59,2.0,1.73,4.108,0.664,3.82,VERY_SLOW,24.428455136,88.610749505,UNKNOWN
100.csv,5,170.09,174.59,4.5,2.903,8.0,1.144,2.8,STOPPED,24.433676572,88.610694108,Bump
101.csv,1,3.59,5.09,1.5,2.047,4.528,0.538,0.93,STOPPED,24.385277203,88.618734913,Bump
101.csv,2,17.59,19.09,1.5,1.789,4.209,0.595,6.99,VERY_SLOW,24.386427726,88.61858152299999,Bump
101.csv,3,28.09,30.59,2.5,1.991,4.66,0.673,5.37,VERY_SLOW,24.387482797,88.61840223799999,Bump
101.csv,4,41.59,42.59,1.0,1.874,4.286,0.424,6.18,VERY_SLOW,24.38873276,88.618220282,Bump
101.csv,5,44.09,46.09,2.0,4.567,9.483,1.822,3.59,VERY_SLOW,24.388925914,88.61817885399999,Bump
101.csv,6,69.09,73.59,4.5,1.657,3.862,0.52,1.39,STOPPED,24.389800176,88.618054076,Bump
101.csv,7,85.59,89.09,3.5,1.964,5.05,0.618,2.77,STOPPED,24.39061970495049,88.61790346138613,Pothole
101.csv,8,92.59,94.59,2.0,3.798,9.275,1.459,4.75,VERY_SLOW,24.391074654,88.617823787,UNKNOWN
101.csv,9,98.09,99.59,1.5,1.808,4.584,0.61,5.0,VERY_SLOW,24.391507042,88.61775327199999,UNKNOWN
101.csv,10,106.59,112.59,6.0,3.671,10.249,1.087,4.45,VERY_SLOW,24.39252504,88.617604097,UNKNOWN
101.csv,11,130.59,135.09,4.5,5.003,10.748,1.34,4.94,VERY_SLOW,24.39453673,88.617310568,Bump
101.csv,12,136.59,139.09,2.5,6.334,18.995,1.317,0.91,STOPPED,24.394994312,88.617249442,Bump
101.csv,13,141.59,144.59,3.0,2.576,7.137,0.87,1.09,STOPPED,24.395246318,88.61724576363638,Pothole
101.csv,14,147.09,148.09,1.0,1.603,4.043,0.44,1.25,STOPPED,24.395351166,88.617224318,Pothole
101.csv,15,162.59,164.59,2.0,2.643,6.113,0.835,5.14,VERY_SLOW,24.396330849,88.61706588,Pothole
101.csv,16,166.59,170.09,3.5,1.801,4.754,0.57,3.86,VERY_SLOW,24.396693712,88.617028676,UNKNOWN
101.csv,17,172.59,174.09,1.5,1.896,5.25,0.534,1.93,STOPPED,24.39689532277228,88.61705011881189,Pothole
101.csv,18,177.59,182.09,4.5,2.032,6.31,0.614,0.35,STOPPED,24.397110562,88.617039012,Pothole
101.csv,19,187.59,189.09,1.5,1.742,4.214,0.644,1.82,STOPPED,24.397446876,88.617005148,Pothole
101.csv,20,195.59,198.59,3.0,2.599,6.475,0.99,0.39,STOPPED,24.397781024,88.61698876,Pothole
101.csv,21,210.59,212.59,2.0,2.279,6.626,0.761,1.09,STOPPED,24.398697734,88.61693717499999,Pothole
101.csv,22,214.59,217.59,3.0,2.257,5.109,0.689,2.26,STOPPED,24.39909067777777,88.61690307777778,UNKNOWN
101.csv,23,219.59,221.09,1.5,4.292,9.562,1.661,2.93,STOPPED,24.399494468,88.616878756,Pothole
101.csv,24,226.09,227.59,1.5,1.933,4.717,0.591,3.05,VERY_SLOW,24.40017829,88.616832762,UNKNOWN
101.csv,25,241.09,243.09,2.0,1.973,4.482,0.545,3.04,VERY_SLOW,24.401974315,88.61670999799999,Bump
101.csv,26,248.59,250.59,2.0,2.405,6.433,1.281,1.44,STOPPED,24.402771655,88.616647172,Pothole
101.csv,27,254.59,258.59,4.0,5.536,16.037,1.807,0.96,STOPPED,24.403282621,88.61664608019802,Pothole
101.csv,28,260.09,263.09,3.0,2.931,7.336,0.822,1.3,STOPPED,24.403656914,88.616636364,Pothole
101.csv,29,272.09,274.59,2.5,6.359,16.078,2.226,1.31,STOPPED,24.4046674010101,88.61660978585859,Pothole
101.csv,30,276.59,278.59,2.0,4.383,9.878,1.562,1.48,STOPPED,24.404910238,88.616602653,Pothole
101.csv,31,280.59,282.09,1.5,1.958,4.856,0.822,0.64,STOPPED,24.405162204,88.616584872,Pothole
101.csv,32,286.09,287.59,1.5,3.67,9.951,1.147,0.36,STOPPED,24.405523149,88.616570697,Pothole
102.csv,1,2.09,4.59,2.5,2.36,7.764,0.853,4.27,VERY_SLOW,24.380139861,88.62522508,Pothole
102.csv,2,38.09,40.59,2.5,2.406,7.292,0.987,6.09,VERY_SLOW,24.38044118,88.62473499058824,Bump
102.csv,3,73.09,77.59,4.5,1.918,4.879,0.847,12.43,VERY_SLOW,24.380673374,88.623928099,Bump
102.csv,4,83.09,89.09,6.0,2.012,5.615,0.746,12.43,VERY_SLOW,24.380755322,88.623563298,Pothole
102.csv,5,95.09,96.59,1.5,1.882,5.097,0.601,19.94,SLOW,24.380809531,88.623156717,UNKNOWN
102.csv,6,101.09,102.59,1.5,1.721,5.229,0.997,20.24,SLOW,24.380853929,88.622803905,Bump
102.csv,7,111.59,113.09,1.5,1.789,4.368,0.962,9.7,VERY_SLOW,24.380859446,88.622427526,Bump
102.csv,8,120.09,121.09,1.0,1.538,4.201,0.625,9.19,VERY_SLOW,24.380828168,88.622197272,Bump
102.csv,9,136.09,139.59,3.5,2.445,5.831,0.715,9.99,VERY_SLOW,24.380825194,88.621798114,Pothole
102.csv,10,144.09,145.59,1.5,1.6,3.691,0.493,8.93,VERY_SLOW,24.38085683,88.621603995,Pothole
102.csv,11,149.59,152.09,2.5,3.057,6.955,1.039,9.84,VERY_SLOW,24.38090443,88.62145377,Pothole
102.csv,12,171.09,175.59,4.5,1.908,4.532,0.53,9.52,VERY_SLOW,24.381066789,88.620693521,Pothole
102.csv,13,177.59,179.59,2.0,1.684,4.193,0.47,12.51,VERY_SLOW,24.381097784,88.620530148,Pothole
102.csv,14,183.09,184.09,1.0,1.366,4.306,0.729,7.4,VERY_SLOW,24.381122112,88.620391608,Pothole
102.csv,15,187.59,188.59,1.0,1.589,3.487,0.438,5.98,VERY_SLOW,24.381148256,88.62032600399999,UNKNOWN
102.csv,16,196.09,198.09,2.0,2.037,4.856,0.863,10.61,VERY_SLOW,24.381154406,88.620106196,UNKNOWN
102.csv,17,205.09,214.59,9.5,2.271,6.148,0.653,13.75,VERY_SLOW,24.381185514,88.619600954,"Bump,Pothole"
102.csv,18,221.59,225.59,4.0,3.929,10.051,1.387,19.11,SLOW,24.381207268,88.619045104,Bump
103.csv,1,20.09,27.59,7.5,2.366,6.841,1.127,1.0,STOPPED,24.3756483,88.622331284,Bump
103.csv,2,56.59,59.59,3.0,2.124,4.836,0.621,11.05,VERY_SLOW,24.377071266,88.622942751,Bump
103.csv,3,72.59,75.09,2.5,2.119,6.232,1.222,3.87,VERY_SLOW,24.377542712,88.622965952,Bump
103.csv,4,83.09,87.09,4.0,4.227,10.297,1.722,25.38,SLOW,24.377640787,88.62355343,Pothole
103.csv,5,89.59,91.09,1.5,1.857,5.55,0.425,26.14,SLOW,24.377698652,88.623929214,Pothole
103.csv,6,99.09,101.09,2.0,2.059,6.065,0.809,9.99,VERY_SLOW,24.377795939,88.624567758,Pothole
103.csv,7,103.09,106.09,3.0,1.893,4.853,0.837,1.12,STOPPED,24.37787753375,88.624590126,Pothole
103.csv,8,114.09,118.59,4.5,2.45,6.638,2.12,2.12,STOPPED,24.37829235,88.62467393600001,Pothole
103.csv,9,125.09,126.59,1.5,1.456,3.966,0.503,1.86,STOPPED,24.378520744,88.624746292,UNKNOWN
13.csv,1,2.09,7.09,5.0,2.146,5.244,0.599,27.71,SLOW,24.374993116,88.598091919,Bump
14.csv,1,5.09,6.09,1.0,1.691,4.119,0.63,13.21,VERY_SLOW,24.3764502059406,88.58893793564356,Pothole
14.csv,2,8.09,9.09,1.0,1.543,3.445,0.658,8.05,VERY_SLOW,24.37649813861386,88.58885131188119,Bump
14.csv,3,13.09,17.09,4.0,2.736,7.567,0.979,1.21,STOPPED,24.37671001010101,88.58877128080807,Bump
14.csv,4,26.09,27.59,1.5,1.896,4.052,0.73,4.6,VERY_SLOW,24.377094064,88.58885418599999,Pothole
14.csv,5,30.09,47.59,17.5,3.237,8.16,1.359,2.96,STOPPED,24.377574373,88.58895358,UNKNOWN
14.csv,6,52.59,55.59,3.0,1.718,5.047,0.415,3.28,VERY_SLOW,24.37803807070707,88.58907844646465,UNKNOWN
14.csv,7,60.09,61.59,1.5,1.756,5.229,0.475,2.61,STOPPED,24.37823474752475,88.58913738415842,UNKNOWN
14.csv,8,65.59,67.09,1.5,1.708,3.613,0.391,3.18,VERY_SLOW,24.378404773,88.589178007,UNKNOWN
14.csv,9,70.59,74.59,4.0,3.545,8.591,1.779,3.47,VERY_SLOW,24.378587088,88.58923462999999,UNKNOWN
14.csv,10,78.09,79.59,1.5,1.681,4.656,1.104,1.21,STOPPED,24.378759177,88.589269563,Bump
14.csv,11,86.09,89.09,3.0,1.954,6.335,0.467,1.87,STOPPED,24.378902142,88.589308986,UNKNOWN
14.csv,12,95.09,97.59,2.5,2.351,4.945,0.688,3.54,VERY_SLOW,24.379158174,88.589368966,UNKNOWN
14.csv,13,107.59,110.59,3.0,1.535,3.652,0.411,3.54,VERY_SLOW,24.37951488282828,88.5894583939394,UNKNOWN
14.csv,14,116.59,119.59,3.0,1.883,4.25,0.61,2.92,STOPPED,24.37976764,88.589532532,Bump
15.csv,1,13.59,17.09,3.5,3.306,7.738,1.222,1.61,STOPPED,24.379347406,88.564506743,Bump
16.csv,1,6.09,10.59,4.5,4.253,9.339,1.237,15.68,SLOW,24.377908781,88.58281493,Bump
16.csv,2,18.09,21.59,3.5,1.751,3.682,1.022,21.33,SLOW,24.377827007,88.58339096600001,UNKNOWN
17.csv,1,5.09,8.09,3.0,4.975,13.862,1.928,12.54,VERY_SLOW,24.381150576,88.587454104,"Bump,Pothole"
18.csv,1,2.59,5.09,2.5,3.137,8.656,0.787,8.86,VERY_SLOW,24.381995465000003,88.585562623,Pothole
19.csv,1,3.09,5.09,2.0,2.618,6.005,0.767,48.86,MOVING,24.387579278,88.55680644,Bump
19.csv,2,11.59,13.09,1.5,1.84,4.982,0.422,50.57,FAST,24.387088826,88.55568223099999,Bump
2.csv,1,0.09,2.09,2.0,1.853,4.991,0.61,0.0,STOPPED,24.3732946,88.5313747,Bump
20.csv,1,6.59,9.09,2.5,1.69,4.308,0.589,7.11,VERY_SLOW,24.38845312,88.591730975,Pothole
20.csv,2,11.09,14.09,3.0,1.772,4.671,0.552,7.98,VERY_SLOW,24.38841396,88.59185018,Bump
20.csv,3,18.59,31.59,13.0,4.396,9.248,1.845,13.49,VERY_SLOW,24.38830468,88.59212553,"Bump,Pothole"
20.csv,4,37.59,38.59,1.0,1.709,4.372,0.492,2.96,STOPPED,24.3880844,88.59254152999999,Pothole
20.csv,5,40.59,43.09,2.5,2.548,6.604,0.944,1.01,STOPPED,24.38795125,88.592512985,Pothole
20.csv,6,59.09,74.09,15.0,5.44,14.621,2.695,19.72,SLOW,24.3877095,88.59291438000001,"Bump,Pothole"
20.csv,7,77.09,79.59,2.5,2.711,6.179,1.199,15.46,SLOW,24.38752196,88.59366347999999,Pothole
20.csv,8,84.59,89.59,5.0,2.04,4.901,0.647,12.21,VERY_SLOW,24.38747399,88.59388215,"Bump,Pothole"
20.csv,9,92.09,93.09,1.0,1.377,4.582,0.518,3.8,VERY_SLOW,24.38732858,88.59398042,Bump
20.csv,10,109.09,111.59,2.5,1.701,5.275,0.6,10.86,VERY_SLOW,24.38701617,88.594164275,Bump
20.csv,11,119.59,121.59,2.0,2.173,5.226,0.55,8.13,VERY_SLOW,24.3869343,88.59446256,Bump
20.csv,12,126.59,129.59,3.0,2.765,6.405,2.433,8.09,VERY_SLOW,24.38686416,88.59463064,Bump
21.csv,1,3.09,5.09,2.0,2.587,7.005,0.688,9.67,VERY_SLOW,24.390025634,88.596256465,Bump
21.csv,2,7.09,8.09,1.0,1.361,3.209,0.522,5.88,VERY_SLOW,24.39023787,88.596358991,Bump
22.csv,1,1.59,5.09,3.5,2.143,4.901,0.609,35.15,MOVING,24.394672426,88.572244146,UNKNOWN
22.csv,2,6.59,17.09,10.5,2.905,7.392,0.761,38.79,MOVING,24.393995808,88.571446044,Bump
24.csv,1,2.59,4.09,1.5,4.328,8.252,1.186,28.3,SLOW,24.37000647,88.62133092,Bump
24.csv,2,5.59,10.59,5.0,2.659,6.11,0.696,20.53,SLOW,24.36992755,88.621690535,Bump
24.csv,3,38.59,43.59,5.0,3.361,8.61,1.026,5.04,VERY_SLOW,24.370801315,88.62261301,Bump
25.csv,1,4.09,5.59,1.5,1.857,4.85,0.428,6.57,VERY_SLOW,24.370415252,88.60296412,Bump
26.csv,1,0.09,3.09,3.0,2.125,7.334,1.123,2.67,STOPPED,24.373111884,88.60292957600001,Pothole
26.csv,2,5.09,7.59,2.5,1.916,4.982,0.629,1.87,STOPPED,24.372930143,88.60296978,Pothole
26.csv,3,12.59,13.59,1.0,1.349,4.403,0.416,2.31,STOPPED,24.372745376,88.602974006,Pothole
26.csv,4,18.09,19.59,1.5,1.425,3.139,0.513,2.27,STOPPED,24.372612093,88.602992594,Pothole
27.csv,1,17.59,19.09,1.5,2.122,5.089,0.565,6.93,VERY_SLOW,24.37417607,88.60364809,Pothole
27.csv,2,21.59,24.09,2.5,2.414,6.71,0.761,11.56,VERY_SLOW,24.3741201645,88.603545541,Pothole
28.csv,1,6.09,8.09,2.0,2.288,5.443,0.667,18.52,SLOW,24.374566659,88.608098444,Pothole
29.csv,1,13.59,16.59,3.0,2.125,5.067,0.747,10.65,VERY_SLOW,24.37452705,88.60760862400001,"Bump,Pothole"
30.csv,1,4.59,7.59,3.0,3.208,10.598,0.63,2.7,STOPPED,24.376455306,88.605126638,Pothole
30.csv,2,11.09,13.09,2.0,1.759,4.619,0.538,4.45,VERY_SLOW,24.37636226,88.60507721399999,Pothole
30.csv,3,18.09,19.59,1.5,1.685,3.411,0.356,4.82,VERY_SLOW,24.37622715,88.604992484,Pothole
30.csv,4,25.09,26.59,1.5,1.94,4.2,0.726,4.27,VERY_SLOW,24.37601652,88.60487695399999,Pothole
30.csv,5,40.59,42.09,1.5,2.224,5.486,0.516,8.5,VERY_SLOW,24.375534808,88.604624896,Bump
31.csv,1,4.59,7.59,3.0,3.208,10.598,0.63,2.7,STOPPED,24.376455306,88.605126638,Pothole
31.csv,2,11.09,13.09,2.0,1.759,4.619,0.538,4.45,VERY_SLOW,24.37636226,88.60507721399999,Pothole
31.csv,3,18.09,19.59,1.5,1.685,3.411,0.356,4.82,VERY_SLOW,24.37622715,88.604992484,Pothole
31.csv,4,25.09,26.59,1.5,1.94,4.2,0.726,4.27,VERY_SLOW,24.37601652,88.60487695399999,Pothole
31.csv,5,40.59,42.09,1.5,2.224,5.486,0.516,8.5,VERY_SLOW,24.375534808,88.604624896,Bump
32.csv,1,8.09,13.59,5.5,3.087,6.918,1.251,10.83,VERY_SLOW,24.384946632,88.550456933,Bump
32.csv,2,15.09,17.09,2.0,1.996,5.665,0.46,13.85,VERY_SLOW,24.384910348,88.55029732,Bump
33.csv,1,15.09,18.59,3.5,2.386,6.467,0.993,1.5,STOPPED,24.375586832,88.622309736,Bump
34.csv,1,7.09,8.59,1.5,1.706,3.595,0.479,8.35,VERY_SLOW,24.37571004,88.62265836,Pothole
35.csv,1,2.59,4.09,1.5,1.721,3.812,0.842,8.5,VERY_SLOW,24.37571321,88.622927535,Pothole
36.csv,1,5.59,7.09,1.5,1.908,4.354,0.57,8.79,VERY_SLOW,24.37575612,88.625413274,Pothole
36.csv,2,13.09,19.09,6.0,1.903,4.882,0.579,10.9,VERY_SLOW,24.37574021515152,88.62569074444444,Pothole
38.csv,1,4.59,31.59,27.0,3.858,8.909,1.308,15.75,SLOW,24.375845612,88.632896485,Pothole
39.csv,1,12.09,13.59,1.5,1.906,4.53,0.491,43.97,MOVING,24.3758384,88.6360331,UNKNOWN
39.csv,2,20.59,21.59,1.0,1.645,4.546,0.452,21.15,SLOW,24.375845424,88.6369295,Bump
4.csv,1,0.09,4.09,4.0,2.72,5.829,0.604,23.85,SLOW,24.373630795,88.534484506,Bump
4.csv,2,6.09,20.59,14.5,2.752,7.53,0.824,18.92,SLOW,24.373569524,88.533744332,"Bump,Pothole"
41.csv,1,10.09,11.59,1.5,1.801,4.878,0.771,0.48,STOPPED,24.37601437777778,88.64192947654321,Bump
41.csv,2,18.59,20.59,2.0,2.25,6.546,1.345,3.58,VERY_SLOW,24.37623726,88.64196367,Bump
42.csv,1,2.59,4.59,2.0,2.163,5.765,0.68,13.78,VERY_SLOW,24.37700474,88.642762002,Pothole
42.csv,2,12.09,14.59,2.5,1.878,4.703,0.463,5.15,VERY_SLOW,24.377410225,88.643052177,Pothole
43.csv,1,2.59,7.59,5.0,3.562,7.535,1.387,0.41,STOPPED,24.374739902,88.642971668,Bump
43.csv,2,14.59,16.09,1.5,1.813,4.437,0.666,1.0,STOPPED,24.374319997,88.642973399,Bump
44.csv,1,0.09,3.59,3.5,2.351,5.455,0.785,0.33,STOPPED,24.37393566526316,88.64297398947367,Pothole
44.csv,2,10.09,33.59,23.5,2.792,7.167,1.145,0.72,STOPPED,24.373374911,88.64297189199999,Pothole
44.csv,3,36.59,39.09,2.5,1.854,4.207,0.802,11.7,VERY_SLOW,24.372880951,88.642892307,Pothole
44.csv,4,43.09,49.09,6.0,2.577,6.014,0.831,9.77,VERY_SLOW,24.372870114,88.64260225599999,Pothole
46.csv,1,0.09,2.59,2.5,2.026,5.479,0.963,28.51,SLOW,24.365182931578943,88.66719730000001,UNKNOWN
46.csv,2,8.59,9.59,1.0,1.483,3.734,0.412,30.52,MOVING,24.365180771,88.667830101,Bump
47.csv,1,0.09,2.59,2.5,2.026,5.479,0.963,28.51,SLOW,24.365182931578943,88.66719730000001,UNKNOWN
47.csv,2,8.59,9.59,1.0,1.483,3.734,0.412,30.52,MOVING,24.365180771,88.667830101,Bump
48.csv,1,1.59,3.59,2.0,1.724,4.409,0.585,22.21,SLOW,24.365381053,88.674720631,Bump
48.csv,2,6.59,10.59,4.0,2.742,5.771,0.511,29.28,SLOW,24.365409104,88.67515730299999,Bump
48.csv,3,15.59,17.59,2.0,2.095,5.778,0.537,29.1,SLOW,24.365426206,88.675790303,UNKNOWN
5.csv,1,1.59,5.59,4.0,2.02,5.27,0.861,8.9,VERY_SLOW,24.373466557,88.533120195,Bump
5.csv,2,13.09,15.59,2.5,2.717,6.316,1.194,11.45,VERY_SLOW,24.373457608,88.532907416,Pothole
5.csv,3,19.09,40.09,21.0,3.321,10.26,0.928,20.46,SLOW,24.373404402,88.532439609,Pothole
50.csv,1,7.09,29.59,22.5,3.524,8.779,1.011,27.82,SLOW,24.36559006,88.723751145,Bump
51.csv,1,0.59,2.59,2.0,2.142,5.153,0.523,27.17,SLOW,24.368788291,88.749175095,Bump
51.csv,2,16.09,19.59,3.5,3.193,7.666,0.72,30.16,MOVING,24.368477392,88.750314712,Pothole
51.csv,3,22.59,26.09,3.5,2.966,7.309,0.768,37.78,MOVING,24.368258772,88.75095761600001,Pothole
51.csv,4,27.59,29.09,1.5,2.092,8.319,0.461,31.32,MOVING,24.368116536,88.75135645399999,"Bump,Pothole"
52.csv,1,3.59,14.09,10.5,3.13,8.001,0.9,29.1,SLOW,24.366834484,88.75445567599999,Bump
52.csv,2,21.59,26.59,5.0,2.117,5.39,0.611,16.04,SLOW,24.366701202,88.75540918,Bump
52.csv,3,28.09,36.09,8.0,4.246,10.161,1.364,16.34,SLOW,24.366696624,88.755756792,Bump
52.csv,4,38.09,43.09,5.0,3.411,7.871,1.222,17.87,SLOW,24.366722468,88.75616693,Pothole
52.csv,5,45.09,47.59,2.5,3.184,6.736,0.888,18.74,SLOW,24.366786536,88.756443768,Pothole
52.csv,6,53.59,60.09,6.5,3.316,8.213,1.275,13.13,VERY_SLOW,24.36707780842105,88.75695772105263,Bump
52.csv,7,69.09,71.59,2.5,3.393,7.403,1.182,16.97,SLOW,24.36740798,88.75745142,Bump
52.csv,8,73.59,75.09,1.5,2.059,6.224,0.738,10.07,VERY_SLOW,24.36749155,88.757552312,UNKNOWN
52.csv,9,78.09,84.59,6.5,3.809,8.884,1.042,14.95,VERY_SLOW,24.36772281,88.757853462,Bump
52.csv,10,86.59,88.59,2.0,5.509,11.778,2.331,17.69,SLOW,24.367962008000003,88.758124295,Bump
53.csv,1,2.09,3.59,1.5,3.027,9.791,0.825,55.64,FAST,24.381141332,88.76881530200001,Bump
53.csv,2,7.09,8.09,1.0,1.66,3.831,0.476,51.92,FAST,24.381248632,88.769490848,UNKNOWN
54.csv,1,0.59,17.59,17.0,3.872,9.668,1.097,47.66,MOVING,24.372475965,88.837385085,Bump
54.csv,2,19.09,24.09,5.0,4.56,12.1,1.788,30.3,MOVING,24.37223706,88.838808555,Bump
57.csv,1,1.09,3.09,2.0,2.593,8.556,0.714,11.13,VERY_SLOW,24.3801782,88.584898195,Pothole
57.csv,2,9.59,11.59,2.0,3.386,6.863,1.082,3.52,VERY_SLOW,24.380581486,88.58505556099999,UNKNOWN
58.csv,1,2.09,4.09,2.0,2.57,5.812,1.248,22.83,SLOW,24.371120004,88.617850716,Bump
58.csv,2,10.09,11.59,1.5,1.505,3.599,0.613,16.7,SLOW,24.370937289,88.61821047800001,UNKNOWN
58.csv,3,15.59,24.09,8.5,3.047,6.651,0.943,17.5,SLOW,24.370597031000003,88.61861458,Bump
58.csv,4,29.09,30.59,1.5,1.806,4.16,0.641,22.9,SLOW,24.370380592,88.619204148,Bump
59.csv,1,1.09,2.09,1.0,1.422,3.58,0.509,4.41,VERY_SLOW,24.387589601,88.595264421,UNKNOWN
59.csv,2,9.59,10.59,1.0,1.912,4.417,0.387,11.82,VERY_SLOW,24.387963968,88.595495024,UNKNOWN
6.csv,1,2.09,16.59,14.5,3.91,10.544,1.128,16.08,SLOW,24.373200175,88.53732283999999,Pothole
6.csv,2,25.09,26.09,1.0,1.619,4.057,0.511,8.31,VERY_SLOW,24.37352192,88.53676102,Bump
6.csv,3,30.09,44.09,14.0,3.563,7.591,1.177,15.21,SLOW,24.37369946,88.53620893,"Bump,Pothole"
6.csv,4,46.59,49.09,2.5,1.926,4.914,0.468,7.88,VERY_SLOW,24.37376178,88.53594423999999,UNKNOWN
6.csv,5,52.09,55.59,3.5,1.846,4.652,0.457,8.9,VERY_SLOW,24.37379171,88.53582956000001,UNKNOWN
6.csv,6,57.59,59.59,2.0,1.938,5.154,0.534,12.98,VERY_SLOW,24.37379796,88.53567402,Pothole
6.csv,7,61.59,63.09,1.5,1.952,4.469,0.533,15.64,SLOW,24.37378463,88.535539185,UNKNOWN
6.csv,8,66.09,67.59,1.5,1.766,4.411,0.455,24.61,SLOW,24.3737535,88.535288725,UNKNOWN
60.csv,1,0.09,2.09,2.0,1.894,4.685,0.623,5.14,VERY_SLOW,24.4071537,88.523006775,UNKNOWN
60.csv,2,7.59,11.09,3.5,2.375,6.665,0.729,0.6,STOPPED,24.406820408,88.522920604,Pothole
61.csv,1,2.59,8.59,6.0,4.005,10.249,1.847,5.31,VERY_SLOW,24.415645187,88.52342425799999,Pothole
61.csv,2,19.09,22.09,3.0,3.751,8.779,1.066,2.51,STOPPED,24.41454191,88.523356084,Bump
62.csv,1,1.09,3.59,2.5,2.47,6.182,0.738,7.34,VERY_SLOW,24.417834612,88.529342879,UNKNOWN
62.csv,2,5.09,8.09,3.0,3.18,8.598,1.283,3.83,VERY_SLOW,24.41764382,88.52927917000001,Bump
62.csv,3,12.09,23.09,11.0,5.288,13.742,2.237,17.2,SLOW,24.417260614,88.529100788,Bump
62.csv,4,24.59,33.09,8.5,3.713,14.201,0.901,17.72,SLOW,24.417394491,88.52851908,Pothole
63.csv,1,7.59,9.59,2.0,3.232,7.923,1.25,11.27,VERY_SLOW,24.417717427,88.523741042,Pothole
64.csv,1,2.59,10.09,7.5,2.867,6.721,0.822,12.28,VERY_SLOW,24.418345112,88.524795595,Pothole
65.csv,1,3.09,8.59,5.5,2.518,6.568,1.018,2.63,STOPPED,24.433576305,88.53353927,"Bump,Pothole"
65.csv,2,11.09,17.59,6.5,2.586,7.811,1.163,2.52,STOPPED,24.43327944,88.53360337,"Bump,Pothole"
65.csv,3,22.59,37.59,15.0,3.193,7.687,1.03,2.48,STOPPED,24.43274088,88.53373557,"Bump,Pothole"
65.csv,4,43.09,47.09,4.0,3.567,9.466,0.819,3.92,VERY_SLOW,24.43192351,88.53372855,"Bump,Pothole"
65.csv,5,49.59,54.59,5.0,1.914,5.103,0.688,7.34,VERY_SLOW,24.431527,88.53362503,Pothole
66.csv,1,2.59,4.09,1.5,1.647,4.303,0.518,0.4,STOPPED,24.435877884,88.53510876,Bump
66.csv,2,7.59,10.09,2.5,2.097,5.531,0.719,1.14,STOPPED,24.435758114,88.535111834,Bump
67.csv,1,1.09,4.59,3.5,3.539,9.089,2.092,2.83,STOPPED,24.437809498,88.535290532,Bump
68.csv,1,0.09,2.59,2.5,2.026,5.479,0.963,28.51,SLOW,24.365182931578943,88.66719730000001,UNKNOWN
68.csv,2,8.59,9.59,1.0,1.483,3.734,0.412,30.52,MOVING,24.365180771,88.667830101,Bump
69.csv,1,0.09,6.59,6.5,3.497,8.62,1.056,33.91,MOVING,24.400619685,88.578590675,Bump
7.csv,1,0.09,42.09,42.0,5.278,15.366,2.701,23.3,SLOW,24.374279043,88.542577564,"Bump,Pothole"
7.csv,2,43.59,70.09,26.5,4.343,11.162,1.455,25.16,SLOW,24.373364018,88.540285452,"Bump,Pothole"
7.csv,3,72.59,78.09,5.5,2.062,4.671,0.548,21.4,SLOW,24.372917836,88.53910138,Pothole
70.csv,1,5.09,10.59,5.5,2.401,6.821,0.826,2.34,STOPPED,24.402302032,88.58028173800001,Bump
70.csv,2,13.09,44.09,31.0,4.482,11.071,1.511,2.28,STOPPED,24.40313673253012,88.5803555686747,"Bump,Pothole"
70.csv,3,47.59,49.09,1.5,1.534,3.359,0.529,1.33,STOPPED,24.403956145454544,88.58043970909091,Bump
70.csv,4,53.09,57.59,4.5,2.799,8.42,0.85,1.0,STOPPED,24.40410524,88.580453464,Pothole
70.csv,5,60.09,71.09,11.0,2.652,7.658,0.696,0.8,STOPPED,24.404526495,88.580504034,Pothole
70.csv,6,74.59,90.59,16.0,3.378,7.544,0.943,13.45,VERY_SLOW,24.404830228,88.580245794,"Bump,Pothole"
71.csv,1,3.59,18.59,15.0,3.42,8.586,1.163,2.36,STOPPED,24.402970655,88.580319235,Bump
72.csv,1,4.09,5.59,1.5,1.766,4.515,0.726,49.07,MOVING,24.403256803,88.584901922,Bump
72.csv,2,16.59,24.59,8.0,4.381,10.685,1.456,52.9,FAST,24.402774388,88.582766196,Bump
73.csv,1,4.59,20.09,15.5,2.993,7.35,1.129,11.56,VERY_SLOW,24.42335759,88.56633656000001,Bump
73.csv,2,24.59,28.09,3.5,1.868,4.488,0.519,1.65,STOPPED,24.42377327,88.56603636,Bump
73.csv,3,38.09,39.09,1.0,1.432,4.11,0.451,0.7,STOPPED,24.42392453690476,88.56607596190476,UNKNOWN
73.csv,4,41.59,43.59,2.0,2.309,5.436,0.792,7.88,VERY_SLOW,24.424016815,88.56605204,Pothole
74.csv,1,0.09,7.59,7.5,3.845,8.021,1.057,11.89,VERY_SLOW,24.44531216,88.55742176,Bump
74.csv,2,9.59,11.09,1.5,2.201,4.782,0.413,19.39,SLOW,24.44548539,88.55710298,Bump
74.csv,3,15.09,18.09,3.0,2.249,5.211,0.807,16.95,SLOW,24.445477845,88.556899825,Bump
76.csv,1,1.09,2.59,1.5,1.871,4.741,0.514,3.87,VERY_SLOW,24.45360852156863,88.53661259019609,UNKNOWN
76.csv,2,5.09,11.59,6.5,2.837,6.933,0.774,4.48,VERY_SLOW,24.454082136,88.536705656,Bump
76.csv,3,15.59,18.09,2.5,2.673,6.12,0.625,7.32,VERY_SLOW,24.454891232,88.53683388399999,Bump
77.csv,1,4.59,11.59,7.0,3.06,8.457,0.915,7.88,VERY_SLOW,24.463154078,88.532762176,Bump
77.csv,2,13.09,17.09,4.0,5.155,13.407,2.081,6.42,VERY_SLOW,24.463508114,88.532950836,Bump
77.csv,3,19.59,23.59,4.0,1.98,5.108,1.041,2.11,STOPPED,24.463881416,88.533017016,Bump
77.csv,4,26.09,27.59,1.5,1.869,4.154,0.415,0.77,STOPPED,24.46434954,88.53302170399999,UNKNOWN
79.csv,1,0.09,2.59,2.5,2.026,5.479,0.963,28.51,SLOW,24.365182931578943,88.66719730000001,UNKNOWN
79.csv,2,8.59,9.59,1.0,1.483,3.734,0.412,30.52,MOVING,24.365180771,88.667830101,Bump
8.csv,1,12.59,16.09,3.5,2.343,5.449,0.69,11.78,VERY_SLOW,24.376608808,88.548586976,Bump
8.csv,2,19.09,22.09,3.0,2.592,5.478,0.871,20.2,SLOW,24.376513058,88.548309276,Bump
8.csv,3,28.09,29.59,1.5,1.697,3.966,0.463,14.77,VERY_SLOW,24.376375112,88.54791460999999,Bump
8.csv,4,31.59,33.09,1.5,2.208,6.841,0.489,16.69,SLOW,24.376316184615384,88.54776139230769,Bump
8.csv,5,36.09,46.09,10.0,4.294,10.904,1.48,20.35,SLOW,24.376117977,88.547271337,Bump
8.csv,6,50.09,54.09,4.0,5.025,12.795,2.22,18.41,SLOW,24.375889981,88.546706085,UNKNOWN
8.csv,7,56.59,60.09,3.5,3.089,6.168,0.954,17.87,SLOW,24.375777464,88.54640748,UNKNOWN
8.csv,8,73.09,77.59,4.5,2.445,6.0,0.72,10.06,VERY_SLOW,24.375547536,88.545790812,Bump
8.csv,9,79.59,92.59,13.0,3.221,8.253,0.912,22.61,SLOW,24.375330368,88.545249073,Bump
8.csv,10,94.09,96.59,2.5,2.136,5.268,0.551,23.41,SLOW,24.37510362,88.544639304,Bump
8.csv,11,99.09,100.59,1.5,1.814,4.742,0.609,16.45,SLOW,24.37500639,88.544408162,Bump
80.csv,1,2.59,8.09,5.5,2.832,9.15,0.991,7.18,VERY_SLOW,24.46857038421053,88.53229158842105,"Bump,Pothole"
81.csv,1,6.09,19.59,13.5,2.308,6.236,0.717,8.85,VERY_SLOW,24.461381218,88.6134459,Bump
82.csv,1,5.59,7.09,1.5,2.744,9.12,0.462,2.98,STOPPED,24.36563131609196,88.83729145287357,Bump
83.csv,1,0.1,1.1,1.0,1.333,3.48,0.571,0.0,STOPPED,24.37039,88.7228662,UNKNOWN
83.csv,2,6.6,10.6,4.0,2.716,6.994,0.854,8.06,VERY_SLOW,24.370515268,88.722747078,Bump
83.csv,3,14.6,18.6,4.0,2.428,5.981,0.724,18.2,SLOW,24.37086595,88.72244678199999,UNKNOWN
84.csv,1,0.59,22.09,21.5,4.316,9.91,1.327,40.11,MOVING,24.39625498,88.57397532,Bump
85.csv,1,1.59,3.59,2.0,2.476,5.481,0.939,5.11,VERY_SLOW,24.363168374,88.62887202,Bump
85.csv,2,7.59,8.59,1.0,1.567,3.617,0.397,2.34,STOPPED,24.363045137,88.628915292,Bump
86.csv,1,10.59,16.59,6.0,1.899,4.829,0.607,11.38,VERY_SLOW,24.363518412,88.629159456,Pothole
86.csv,2,19.59,21.09,1.5,1.723,3.507,0.445,13.31,VERY_SLOW,24.363442069,88.628933645,Pothole
88.csv,1,4.09,6.09,2.0,2.172,5.417,0.829,37.23,MOVING,24.521658108,88.619961576,Bump
88.csv,2,10.09,17.09,7.0,2.128,5.023,0.521,39.34,MOVING,24.520989878,88.62089354,UNKNOWN
88.csv,3,38.09,39.59,1.5,1.87,4.236,0.482,17.71,SLOW,24.51938626,88.621819438,UNKNOWN
88.csv,4,59.59,61.09,1.5,1.695,4.316,0.594,25.98,SLOW,24.51773621,88.623607129,UNKNOWN
88.csv,5,62.59,64.09,1.5,1.808,4.224,0.574,26.02,SLOW,24.517417861,88.623805262,UNKNOWN
88.csv,6,81.09,82.09,1.0,1.655,4.27,0.404,4.8,VERY_SLOW,24.516268,88.624844498,UNKNOWN
88.csv,7,83.59,87.59,4.0,1.866,4.503,0.748,27.86,SLOW,24.51605952,88.62503917,UNKNOWN
88.csv,8,91.09,92.59,1.5,1.79,4.695,0.418,32.89,MOVING,24.515878602,88.625591149,UNKNOWN
88.csv,9,101.59,103.59,2.0,2.188,4.624,0.671,29.36,SLOW,24.515893766,88.626363748,UNKNOWN
88.csv,10,108.59,110.09,1.5,1.64,4.273,0.473,37.52,MOVING,24.5157199,88.62701498999999,UNKNOWN
88.csv,11,131.09,132.59,1.5,1.772,4.081,0.666,35.69,MOVING,24.514900006,88.62952164,UNKNOWN
88.csv,12,142.59,144.59,2.0,1.979,5.308,0.706,41.12,MOVING,24.514535262,88.630829482,UNKNOWN
89.csv,1,0.59,4.59,4.0,2.626,6.081,0.948,12.54,VERY_SLOW,24.531802501,88.583766041,Pothole
89.csv,2,6.09,126.59,120.5,8.557,21.486,3.169,35.76,MOVING,24.530767104,88.589736974,"Bump,Pothole"
89.csv,3,129.09,132.59,3.5,2.164,5.057,1.128,27.39,SLOW,24.530156924,88.595419868,Pothole
89.csv,4,134.09,184.59,50.5,5.503,13.458,1.678,36.38,MOVING,24.529632988,88.59765498,"Bump,Pothole"
89.csv,5,186.09,189.59,3.5,1.923,4.492,0.534,40.35,MOVING,24.529233144,88.600713272,UNKNOWN
89.csv,6,213.59,217.59,4.0,4.469,10.382,1.066,22.25,SLOW,24.529061649,88.601888724,UNKNOWN
89.csv,7,220.09,232.59,12.5,4.354,9.915,1.45,31.94,MOVING,24.528934924,88.60269076200001,Bump
89.csv,8,234.09,236.09,2.0,2.744,6.582,1.049,34.41,MOVING,24.528867616,88.603478107,Bump
90.csv,1,2.09,3.09,1.0,1.659,4.584,0.462,13.68,VERY_SLOW,24.53777591832061,88.57222630916031,Bump
90.csv,2,5.09,6.59,1.5,2.074,6.642,0.744,10.33,VERY_SLOW,24.537759304761902,88.57234946666667,Bump
90.csv,3,8.59,11.09,2.5,2.569,6.71,1.067,10.71,VERY_SLOW,24.53772368,88.57246804,Bump
90.csv,4,43.59,45.09,1.5,1.721,4.356,0.649,27.2,SLOW,24.53734414,88.57395432,Bump
90.csv,5,48.09,59.59,11.5,3.607,8.673,1.04,24.03,SLOW,24.53721544,88.57458754,UNKNOWN
90.csv,6,82.09,163.09,81.0,5.883,13.464,1.94,14.17,VERY_SLOW,24.53409837,88.575862305,"Bump,Pothole"
90.csv,7,170.09,180.59,10.5,2.797,7.084,0.786,14.41,VERY_SLOW,24.532885,88.57851542,Bump
90.csv,8,182.09,199.09,17.0,3.697,7.96,1.315,16.1,SLOW,24.532939552,88.579068,Bump
90.csv,9,203.59,204.59,1.0,1.347,3.567,0.473,7.07,VERY_SLOW,24.532775445,88.57963929,Pothole
90.csv,10,206.59,227.59,21.0,3.869,10.915,1.252,19.66,SLOW,24.53292536,88.580182685,"Bump,Pothole"
90.csv,11,230.09,243.09,13.0,4.324,9.691,1.546,17.56,SLOW,24.53256717,88.58130037000001,UNKNOWN
90.csv,12,255.09,257.09,2.0,2.246,4.642,0.589,15.73,SLOW,24.531919065,88.58153472,Pothole
90.csv,13,259.09,261.59,2.5,2.334,8.202,0.564,8.01,VERY_SLOW,24.531890558,88.58165398,Pothole
90.csv,14,283.09,284.59,1.5,1.851,4.843,0.571,6.52,VERY_SLOW,24.53189035,88.58175629,Pothole
90.csv,15,290.09,291.09,1.0,1.77,5.795,0.491,7.25,VERY_SLOW,24.53187731,88.58186421500001,Pothole
90.csv,16,292.59,294.09,1.5,1.604,5.335,0.381,8.59,VERY_SLOW,24.53187262,88.58192476,Pothole
90.csv,17,299.09,316.59,17.5,4.856,11.369,1.913,29.35,SLOW,24.53153094,88.58270365999999,"Bump,Pothole"
91.csv,1,2.59,8.09,5.5,2.222,5.314,0.72,1.19,STOPPED,24.521146079,88.55995184400001,Bump
91.csv,2,14.09,17.09,3.0,2.394,6.476,1.026,1.18,STOPPED,24.521868318000003,88.559960546,Bump
91.csv,3,22.59,23.59,1.0,1.475,3.497,0.596,0.74,STOPPED,24.521999908,88.55996922,Bump
91.csv,4,35.59,39.59,4.0,2.323,5.226,0.598,3.46,VERY_SLOW,24.52275945,88.56005721,Bump
91.csv,5,44.09,80.59,36.5,6.639,13.67,2.161,8.09,VERY_SLOW,24.525301277,88.560343901,Bump
91.csv,6,82.09,87.09,5.0,2.134,5.475,0.662,13.44,VERY_SLOW,24.527637892,88.56155021400001,Bump
91.csv,7,109.09,137.59,28.5,3.374,7.217,1.122,41.59,MOVING,24.529831971,88.563366802,Bump
91.csv,8,139.59,143.59,4.0,3.595,8.41,1.362,41.67,MOVING,24.531461218,88.565553464,Bump
91.csv,9,147.59,151.09,3.5,2.072,4.258,0.821,39.7,MOVING,24.532084841,88.56641479,Bump
91.csv,10,152.59,156.59,4.0,4.307,10.955,1.876,41.81,MOVING,24.532468754,88.567000412,Bump
91.csv,11,161.09,163.59,2.5,3.194,6.604,1.188,43.92,MOVING,24.533096557,88.56792572799999,Pothole
91.csv,12,165.09,169.59,4.5,3.373,8.838,1.177,40.97,MOVING,24.533528882,88.568515025,Pothole
91.csv,13,171.59,175.59,4.0,2.3,4.592,0.732,32.49,MOVING,24.533994884,88.569197352,Pothole
91.csv,14,177.59,179.09,1.5,1.954,4.622,0.478,27.5,SLOW,24.534223541,88.569571155,UNKNOWN
91.csv,15,186.59,189.59,3.0,2.076,5.365,0.738,37.69,MOVING,24.534617508,88.57046636,Pothole
91.csv,16,191.59,193.59,2.0,1.864,3.818,0.539,24.84,SLOW,24.534911262,88.570880292,Pothole
91.csv,17,195.09,197.59,2.5,2.187,4.501,0.719,20.3,SLOW,24.535299825,88.57110737400001,Pothole
92.csv,1,1.09,3.09,2.0,2.018,4.84,0.856,53.1,FAST,24.51426185,88.631950102,UNKNOWN
92.csv,2,8.09,9.09,1.0,1.867,3.541,0.419,54.45,FAST,24.514028277,88.632887605,UNKNOWN
92.csv,3,11.09,18.59,7.5,2.219,5.763,0.824,53.83,FAST,24.513767484,88.633828432,Bump
92.csv,4,20.09,21.59,1.5,2.039,4.944,0.743,52.41,FAST,24.513531884,88.63469961599999,UNKNOWN
92.csv,5,25.09,27.09,2.0,2.293,5.679,0.581,42.83,MOVING,24.513368031,88.635428244,UNKNOWN
92.csv,6,43.59,49.59,6.0,2.271,5.374,0.856,22.3,SLOW,24.512772608,88.63579267200001,UNKNOWN
92.csv,7,54.59,56.09,1.5,1.99,3.829,0.474,32.86,MOVING,24.512099496,88.635119712,UNKNOWN
92.csv,8,57.59,63.09,5.5,1.945,4.751,0.561,40.76,MOVING,24.51166073,88.63461384200001,UNKNOWN
92.csv,9,64.59,67.59,3.0,1.849,4.062,0.541,46.73,MOVING,24.511178192,88.633914073,UNKNOWN
92.csv,10,69.09,70.09,1.0,1.814,4.416,0.49,40.0,MOVING,24.510910662,88.633508438,UNKNOWN
92.csv,11,71.59,72.59,1.0,1.867,3.84,0.513,40.91,MOVING,24.510732747,88.633229113,UNKNOWN
92.csv,12,76.59,78.59,2.0,2.024,4.901,0.574,44.08,MOVING,24.51031061,88.63260031,UNKNOWN
92.csv,13,80.59,83.59,3.0,2.233,5.443,0.926,46.7,MOVING,24.509944796,88.632038584,UNKNOWN
92.csv,14,85.59,96.59,11.0,2.164,4.622,0.542,46.66,MOVING,24.509205402,88.630886109,UNKNOWN
92.csv,15,98.09,99.09,1.0,1.794,3.781,0.665,43.38,MOVING,24.508619161,88.629946271,UNKNOWN
92.csv,16,101.09,103.09,2.0,2.296,5.691,0.602,43.2,MOVING,24.508336133,88.62953026,UNKNOWN
92.csv,17,106.09,109.59,3.5,2.0,4.592,0.563,44.4,MOVING,24.50788204,88.62882486400001,UNKNOWN
93.csv,1,0.09,3.59,3.5,2.787,7.358,0.901,11.37,VERY_SLOW,24.508888618,88.56583348,Bump
93.csv,2,14.59,41.09,26.5,3.168,8.318,1.027,24.23,SLOW,24.510702936,88.56425033,Bump
93.csv,3,43.09,45.59,2.5,1.838,8.889,0.606,25.94,SLOW,24.511872516,88.56318054799999,Bump
93.csv,4,48.09,52.09,4.0,2.639,6.101,1.208,24.59,SLOW,24.512180462,88.56277962499999,Bump
93.csv,5,55.59,58.59,3.0,4.684,13.372,1.283,5.12,VERY_SLOW,24.512647092,88.562549018,Bump
93.csv,6,62.59,67.09,4.5,4.524,12.248,1.799,3.46,VERY_SLOW,24.51288053548387,88.56248750967741,Bump
93.csv,7,70.09,71.59,1.5,1.656,4.763,0.788,10.71,VERY_SLOW,24.513144554,88.562350476,Bump
93.csv,8,104.09,106.09,2.0,2.256,4.819,0.726,28.34,SLOW,24.514084969,88.560410862,Bump
93.csv,9,118.59,120.59,2.0,2.014,4.477,0.616,9.02,VERY_SLOW,24.515079219,88.55989003500001,Bump
93.csv,10,124.09,125.59,1.5,3.91,9.041,1.405,6.74,VERY_SLOW,24.5155677,88.559786636,Bump
93.csv,11,130.09,132.09,2.0,1.828,4.005,0.517,6.82,VERY_SLOW,24.516208289,88.559766516,Bump
93.csv,12,137.09,140.59,3.5,2.462,6.028,0.797,10.12,VERY_SLOW,24.517069266,88.559935024,Bump
93.csv,13,142.59,144.59,2.0,4.332,10.13,1.748,4.55,VERY_SLOW,24.517600029,88.560034042,Bump
93.csv,14,147.59,149.09,1.5,2.249,6.261,0.748,7.98,VERY_SLOW,24.518147188,88.559950372,Bump
93.csv,15,156.59,160.09,3.5,2.593,5.893,0.984,2.37,STOPPED,24.51937306,88.559851572,Bump
93.csv,16,162.09,163.59,1.5,1.699,3.732,0.632,5.57,VERY_SLOW,24.519949248,88.559898146,Bump
94.csv,1,1.59,12.09,10.5,4.284,9.482,1.367,10.49,VERY_SLOW,24.502801691,88.571100681,Pothole
94.csv,2,17.09,23.09,6.0,3.137,10.559,1.453,8.6,VERY_SLOW,24.50331487,88.570667188,Bump
94.csv,3,29.09,30.59,1.5,1.834,6.769,1.95,16.32,SLOW,24.503680525,88.570347504,Bump
94.csv,4,33.59,41.59,8.0,3.748,9.777,1.281,9.03,VERY_SLOW,24.503985836,88.570069112,Bump
94.csv,5,49.59,51.09,1.5,1.896,4.386,0.585,21.2,SLOW,24.504607487,88.569542986,"Bump,Pothole"
94.csv,6,56.09,68.09,12.0,5.07,12.256,1.49,28.16,SLOW,24.50554041,88.56874775799999,Pothole
94.csv,7,70.59,72.59,2.0,1.846,4.182,0.53,27.87,SLOW,24.506405464,88.56799062,Pothole
95.csv,1,2.09,3.09,1.0,1.897,3.482,0.518,32.87,MOVING,24.480283096,88.588001032,UNKNOWN
95.csv,2,4.59,10.09,5.5,1.958,4.85,0.628,31.2,MOVING,24.480873611,88.587598903,UNKNOWN
95.csv,3,16.09,24.09,8.0,2.19,4.958,0.76,29.78,SLOW,24.482481778,88.586560272,UNKNOWN
95.csv,4,25.59,28.59,3.0,2.577,5.893,0.645,25.0,SLOW,24.483306246,88.585981876,UNKNOWN
95.csv,5,31.59,34.59,3.0,2.315,6.711,0.841,3.32,VERY_SLOW,24.483597392,88.585781274,Pothole
95.csv,6,49.59,54.09,4.5,4.045,12.332,1.005,15.49,SLOW,24.484679389,88.58503867499999,Bump
95.csv,7,71.09,76.09,5.0,2.587,5.933,1.087,37.27,MOVING,24.486371588,88.583635432,Pothole
95.csv,8,79.59,82.59,3.0,2.088,5.767,0.601,38.44,MOVING,24.487038918,88.58284483,Pothole
95.csv,9,90.59,91.59,1.0,1.787,3.796,0.474,33.12,MOVING,24.48782474,88.581871894,Pothole
95.csv,10,95.59,98.09,2.5,1.962,5.136,0.893,9.14,VERY_SLOW,24.487896953,88.581538241,UNKNOWN
95.csv,11,145.59,148.59,3.0,2.343,5.214,0.626,8.09,VERY_SLOW,24.488290506,88.579770852,Bump
95.csv,12,150.09,164.59,14.5,2.526,6.487,0.982,11.84,VERY_SLOW,24.488360126,88.579484911,UNKNOWN
95.csv,13,166.59,168.59,2.0,3.268,7.425,0.95,7.87,VERY_SLOW,24.48856518,88.579156556,UNKNOWN
95.csv,14,170.09,173.09,3.0,4.183,8.909,2.018,7.91,VERY_SLOW,24.48875556,88.579090672,Bump
95.csv,15,198.09,201.09,3.0,1.95,4.682,0.675,8.04,VERY_SLOW,24.4905621,88.57822832000001,UNKNOWN
95.csv,16,207.09,210.09,3.0,2.382,5.556,0.609,26.09,SLOW,24.49131704,88.577730912,UNKNOWN
95.csv,17,218.59,220.09,1.5,1.777,4.766,0.53,14.11,VERY_SLOW,24.492270431,88.577188667,Pothole
95.csv,18,228.59,235.59,7.0,3.281,8.791,1.519,7.84,VERY_SLOW,24.492779484,88.576830314,Bump
95.csv,19,237.09,241.09,4.0,8.082,20.704,2.159,12.68,VERY_SLOW,24.492963646,88.576690668,UNKNOWN
96.csv,1,0.09,10.09,10.0,6.09,17.023,2.178,11.26,VERY_SLOW,24.47377978,88.59236666,Bump
96.csv,2,14.09,15.59,1.5,2.32,5.958,0.456,14.32,VERY_SLOW,24.47434118,88.59201054500001,Bump
96.csv,3,18.09,22.09,4.0,2.378,6.094,0.699,7.36,VERY_SLOW,24.47448754,88.59191178,Pothole
96.csv,4,23.59,41.59,18.0,4.402,10.078,1.343,11.55,VERY_SLOW,24.475028,88.59156494000001,Pothole
96.csv,5,50.09,55.09,5.0,3.328,7.895,0.918,19.17,SLOW,24.47612059,88.59080851,Pothole
96.csv,6,59.59,64.59,5.0,5.262,13.128,2.174,17.53,SLOW,24.47685524,88.59030284,Bump
96.csv,7,66.59,68.09,1.5,1.78,5.761,0.453,5.68,VERY_SLOW,24.47703773,88.59016794,UNKNOWN
96.csv,8,69.59,78.59,9.0,2.365,7.0,0.806,6.09,VERY_SLOW,24.47723268,88.59004996,UNKNOWN
96.csv,9,80.59,83.09,2.5,2.056,4.012,0.547,10.39,VERY_SLOW,24.477464565,88.58990694500001,UNKNOWN
96.csv,10,87.09,93.09,6.0,4.6,9.596,1.538,18.41,SLOW,24.47795716,88.5895659,UNKNOWN
96.csv,11,97.09,99.09,2.0,2.236,4.603,0.791,22.09,SLOW,24.478615,88.5891037,UNKNOWN
97.csv,1,2.59,4.59,2.0,2.283,5.725,0.807,4.68,VERY_SLOW,24.460521944,88.59637376399999,UNKNOWN
97.csv,2,6.59,10.59,4.0,1.985,4.89,0.649,3.9,VERY_SLOW,24.461040704,88.596306528,Bump
97.csv,3,12.09,13.59,1.5,2.312,5.086,0.651,4.87,VERY_SLOW,24.461515855,88.596274424,Bump
97.csv,4,20.09,24.59,4.5,2.227,4.879,0.704,3.3,VERY_SLOW,24.462634706,88.596211716,UNKNOWN
97.csv,5,28.09,35.59,7.5,3.332,7.564,0.874,1.86,STOPPED,24.463308387,88.596165874,"Bump,Pothole"
97.csv,6,38.09,39.09,1.0,1.437,3.963,0.367,1.19,STOPPED,24.463492972881355,88.59614943050848,Pothole
97.csv,7,48.09,53.09,5.0,1.789,5.683,0.476,0.65,STOPPED,24.463886988,88.596122864,Pothole
97.csv,8,63.09,66.09,3.0,2.178,5.612,0.876,1.57,STOPPED,24.464228964,88.59611889199999,Pothole
97.csv,9,74.09,81.59,7.5,5.345,13.196,1.971,1.51,STOPPED,24.464697832,88.596103566,Pothole
97.csv,10,85.59,90.59,5.0,2.722,8.798,0.939,1.03,STOPPED,24.46508839,88.596061696,Pothole
97.csv,11,111.09,119.09,8.0,2.203,6.273,0.606,1.1,STOPPED,24.465617416,88.59596326,Pothole
97.csv,12,121.59,135.09,13.5,4.083,10.015,1.394,3.36,VERY_SLOW,24.466063692,88.59583424899999,Pothole
97.csv,13,138.09,143.09,5.0,2.706,6.689,0.861,4.67,VERY_SLOW,24.466449552,88.595733596,Pothole
97.csv,14,147.59,149.09,1.5,1.439,3.778,0.591,0.56,STOPPED,24.466733626,88.59564335499999,Pothole
97.csv,15,153.09,154.59,1.5,1.869,4.387,0.525,4.38,VERY_SLOW,24.466834336,88.59560494,Pothole
97.csv,16,156.09,160.59,4.5,1.992,5.442,0.802,4.38,VERY_SLOW,24.467003143,88.59555974,Pothole
97.csv,17,163.59,166.09,2.5,1.985,5.396,0.703,2.86,STOPPED,24.467294532291668,88.59549294270833,Pothole
97.csv,18,170.59,174.59,4.0,2.394,5.634,0.666,2.78,STOPPED,24.467480592,88.595439084,Pothole
97.csv,19,177.09,193.09,16.0,3.174,7.309,1.019,3.65,VERY_SLOW,24.468047002,88.595276604,Pothole
97.csv,20,202.09,208.09,6.0,2.811,9.236,0.642,1.72,STOPPED,24.46863534,88.595125626,Pothole
97.csv,21,209.59,212.09,2.5,2.879,7.704,1.015,5.76,VERY_SLOW,24.468821372,88.595070806,Pothole
97.csv,22,213.59,221.59,8.0,3.089,7.4,0.945,5.92,VERY_SLOW,24.469152712,88.594959484,Pothole
97.csv,23,234.59,236.09,1.5,1.723,4.997,0.462,3.21,VERY_SLOW,24.46956725,88.594828616,Bump
97.csv,24,248.09,257.59,9.5,2.124,5.838,0.624,4.08,VERY_SLOW,24.469979194,88.594642184,Bump
97.csv,25,261.59,264.09,2.5,1.589,4.365,0.508,5.1,VERY_SLOW,24.470243977,88.59452687999999,Bump
97.csv,26,268.09,272.09,4.0,2.135,6.572,0.533,4.59,VERY_SLOW,24.470422548,88.594453832,Bump
97.csv,27,278.09,281.59,3.5,1.803,4.805,0.427,6.96,VERY_SLOW,24.470726434,88.594278137,Bump
97.csv,28,289.09,290.59,1.5,2.017,5.411,0.498,3.9,VERY_SLOW,24.470981889,88.59415034899999,Bump
97.csv,29,295.09,297.59,2.5,2.37,6.715,0.642,6.82,VERY_SLOW,24.471158269,88.594053715,Bump
97.csv,30,300.09,314.09,14.0,2.624,5.878,0.622,6.2,VERY_SLOW,24.47146675,88.593861544,Bump
97.csv,31,316.09,317.59,1.5,1.741,4.676,0.515,5.68,VERY_SLOW,24.471732966,88.593692992,Bump
97.csv,32,327.09,335.09,8.0,6.354,14.869,2.105,12.65,VERY_SLOW,24.472340612,88.59330537000001,Bump
97.csv,33,336.59,341.09,4.5,2.227,7.462,0.586,4.63,VERY_SLOW,24.472603987,88.593138689,"Bump,Pothole"
98.csv,1,0.59,1.59,1.0,1.771,3.883,0.449,27.0,SLOW,24.452398644444447,88.61214473333334,UNKNOWN
98.csv,2,33.59,37.09,3.5,1.976,7.894,0.515,10.64,VERY_SLOW,24.45245478,88.61161564400001,Bump
98.csv,3,44.59,59.59,15.0,3.025,8.144,1.156,25.51,SLOW,24.452500064,88.61051654,"Bump,Pothole"
98.csv,4,64.09,68.59,4.5,2.489,5.823,0.891,21.57,SLOW,24.45259034,88.60955856,Bump
98.csv,5,70.59,80.09,9.5,2.738,5.852,0.931,27.84,SLOW,24.45272178,88.60896612,Bump
98.csv,6,90.59,92.59,2.0,1.846,4.604,0.586,21.9,SLOW,24.45298041,88.607643465,Bump
98.csv,7,107.59,109.59,2.0,3.056,6.885,1.073,36.4,MOVING,24.4527536,88.606236845,Bump
98.csv,8,129.09,131.09,2.0,2.386,4.91,0.855,45.73,MOVING,24.4523961,88.60380656000001,UNKNOWN
98.csv,9,132.59,133.59,1.0,1.733,3.811,0.392,46.97,MOVING,24.452359135,88.603419545,UNKNOWN
98.csv,10,135.09,137.09,2.0,2.114,5.142,0.731,47.3,MOVING,24.4523442,88.603027745,UNKNOWN
98.csv,11,139.09,140.59,1.5,2.22,4.812,0.493,43.62,MOVING,24.45234264,88.60256371,Bump
98.csv,12,142.59,146.09,3.5,2.136,5.094,0.853,45.26,MOVING,24.45243452,88.60202174,UNKNOWN
98.csv,13,150.09,156.59,6.5,3.891,9.067,1.757,41.21,MOVING,24.45274242,88.60091458000001,Bump
98.csv,14,161.59,162.59,1.0,1.758,4.507,0.656,41.58,MOVING,24.452903805,88.599929605,UNKNOWN
98.csv,15,166.09,169.09,3.0,1.576,3.737,0.451,33.42,MOVING,24.453112355,88.59942575,UNKNOWN
98.csv,16,220.09,222.59,2.5,1.938,5.034,0.566,11.48,VERY_SLOW,24.453571,88.59697396,Pothole
98.csv,17,258.09,259.59,1.5,1.917,4.474,0.516,3.02,VERY_SLOW,24.45536768,88.59654167000001,UNKNOWN
98.csv,18,262.09,264.59,2.5,1.941,4.845,0.573,5.12,VERY_SLOW,24.45582306,88.59660008,UNKNOWN
98.csv,19,267.59,270.09,2.5,1.839,4.067,0.563,3.95,VERY_SLOW,24.45638167,88.59666688,UNKNOWN
98.csv,20,276.09,282.59,6.5,2.699,6.391,0.944,2.22,STOPPED,24.4574788,88.59676780000001,UNKNOWN
98.csv,21,284.09,293.59,9.5,4.357,11.155,1.314,5.92,VERY_SLOW,24.45864206,88.59669427,Bump
