source_file,label,start,end
1.csv,Pothole,2.34,20.05
10.csv,Pothole,3.13,7.33
10.csv,Bump,9.51,27.03
100.csv,Bump,3.25,174.32
101.csv,Bump,3.3,69.95
101.csv,Pothole,74.37,113.92
101.csv,Bump,130.5,139.01
101.csv,Pothole,141.48,221.13
101.csv,Bump,241.23,243.86
101.csv,Pothole,245.48,286.1
101.csv,Bump,290.19,315.32
102.csv,Pothole,2.63,31.54
102.csv,Bump,38.02,67.5
102.csv,Pothole,71.22,72.94
102.csv,Bump,73.62,74.15
102.csv,Pothole,80.52,91.7
102.csv,Bump,98.15,126.83
102.csv,Pothole,136.86,207.47
102.csv,Bump,207.87,238.35
103.csv,Bump,19.16,73.74
103.csv,Pothole,83.24,132.29
11.csv,Bump,3.52,18.55
12.csv,Bump,5.03,23.13
13.csv,Bump,2.76,9.06
14.csv,Pothole,5.43,7.85
14.csv,Bump,8.53,19.61
14.csv,Pothole,26.85,29.09
14.csv,Bump,78.78,79.62
14.csv,Pothole,92.62,93.02
14.csv,Bump,117.5,128.68
15.csv,Bump,6.7,23.05
16.csv,Bump,5.76,51.35
17.csv,Bump,4.01,6.49
17.csv,Pothole,7.51,18.24
18.csv,Pothole,2.91,5.86
19.csv,Bump,3.71,13.73
2.csv,Bump,1.29,11.19
20.csv,Pothole,4.01,8.97
20.csv,Bump,9.46,29.71
20.csv,Pothole,31.56,71.25
20.csv,Bump,71.87,75.5
20.csv,Pothole,77.82,86.85
20.csv,Bump,87.21,127.2
21.csv,Bump,3.28,8.04
22.csv,Bump,14.14,18.23
23.csv,Pothole,3.35,21.95
24.csv,Bump,2.21,25.7
24.csv,Pothole,31.09,32.29
24.csv,Bump,32.85,50.48
25.csv,Bump,3.35,7.87
26.csv,Pothole,2.15,18.55
26.csv,Bump,20.85,35.65
27.csv,Bump,3.82,13.08
27.csv,Pothole,16.36,24.28
27.csv,Bump,26.26,27.34
28.csv,Pothole,6.07,11.4
29.csv,Bump,12.34,13.93
29.csv,Pothole,14.36,19.4
30.csv,Pothole,4.36,25.71
30.csv,Bump,34.24,42.78
31.csv,Pothole,4.36,25.71
31.csv,Bump,34.24,42.78
32.csv,Bump,8.11,25.69
33.csv,Bump,15.12,20.36
34.csv,Pothole,4.0,11.9
35.csv,Pothole,3.35,7.96
36.csv,Pothole,5.47,22.8
38.csv,Pothole,5.44,31.93
39.csv,Bump,21.45,25.29
4.csv,Bump,2.55,10.87
4.csv,Pothole,12.11,12.77
4.csv,Bump,13.7,25.57
40.csv,Bump,9.47,13.42
41.csv,Bump,2.34,19.61
42.csv,Pothole,4.1,34.2
43.csv,Bump,4.91,18.63
44.csv,Pothole,2.02,56.26
45.csv,Pothole,3.03,5.39
46.csv,Bump,6.13,10.86
47.csv,Bump,6.13,10.86
48.csv,Bump,2.96,7.17
5.csv,Bump,3.32,3.95
5.csv,Pothole,13.9,40.38
50.csv,Bump,9.08,27.9
51.csv,Bump,1.58,6.26
51.csv,Pothole,16.36,28.2
51.csv,Bump,28.44,30.76
52.csv,Bump,4.52,32.74
52.csv,Pothole,40.03,48.17
52.csv,Bump,49.92,88.88
53.csv,Bump,2.55,4.74
54.csv,Bump,2.02,23.76
55.csv,Pothole,2.41,6.96
56.csv,Pothole,1.86,7.91
56.csv,Bump,11.87,26.97
57.csv,Pothole,1.49,4.52
58.csv,Bump,2.38,44.53
59.csv,Pothole,2.62,7.44
6.csv,Pothole,5.77,14.15
6.csv,Bump,18.82,30.75
6.csv,Pothole,38.24,58.19
60.csv,Pothole,7.79,14.62
61.csv,Pothole,3.86,8.36
61.csv,Bump,19.75,22.29
62.csv,Bump,5.36,20.49
62.csv,Pothole,26.11,30.14
63.csv,Pothole,3.93,18.93
64.csv,Pothole,3.25,13.57
65.csv,Pothole,4.12,4.79
65.csv,Bump,5.34,13.6
65.csv,Pothole,14.31,29.94
65.csv,Bump,32.34,34.44
65.csv,Pothole,35.79,39.02
65.csv,Bump,44.97,45.42
65.csv,Pothole,46.15,52.72
66.csv,Bump,2.52,10.8
67.csv,Bump,1.46,4.5
68.csv,Bump,6.13,10.86
69.csv,Bump,2.23,7.91
7.csv,Bump,2.51,32.49
7.csv,Pothole,33.84,48.09
7.csv,Bump,67.09,68.6
7.csv,Pothole,73.05,81.85
70.csv,Bump,4.37,13.4
70.csv,Pothole,14.32,19.02
70.csv,Bump,33.1,34.25
70.csv,Pothole,36.37,44.63
70.csv,Bump,48.48,52.2
70.csv,Pothole,53.35,82.58
70.csv,Bump,83.44,93.26
71.csv,Bump,1.72,8.79
71.csv,Pothole,19.9,21.42
72.csv,Bump,4.07,25.32
73.csv,Bump,3.17,36.07
73.csv,Pothole,42.43,43.0
73.csv,Bump,43.99,45.63
74.csv,Bump,2.64,27.45
76.csv,Bump,8.59,18.53
77.csv,Bump,4.8,21.39
78.csv,Pothole,3.03,5.39
79.csv,Bump,6.13,10.86
8.csv,Bump,9.23,102.04
80.csv,Bump,3.05,5.14
80.csv,Pothole,6.34,17.21
81.csv,Bump,4.01,26.0
82.csv,Bump,4.13,9.83
83.csv,Bump,3.17,11.55
84.csv,Bump,2.18,14.54
85.csv,Bump,3.13,10.91
85.csv,Pothole,14.94,26.64
86.csv,Pothole,7.72,27.12
86.csv,Bump,28.85,32.55
88.csv,Bump,3.8,6.3
89.csv,Pothole,1.85,3.28
89.csv,Bump,6.3,117.37
89.csv,Pothole,118.23,118.69
89.csv,Bump,121.34,123.92
89.csv,Pothole,126.97,174.26
89.csv,Bump,180.61,244.0
90.csv,Bump,2.55,74.76
90.csv,Pothole,83.19,86.24
90.csv,Bump,102.34,116.04
90.csv,Pothole,156.27,166.06
90.csv,Bump,169.46,195.69
90.csv,Pothole,201.64,208.0
90.csv,Bump,211.69,215.64
90.csv,Pothole,218.17,300.5
90.csv,Bump,301.2,314.6
91.csv,Bump,4.2,153.46
91.csv,Pothole,156.71,199.36
92.csv,Bump,14.61,17.03
93.csv,Bump,1.72,164.86
94.csv,Pothole,1.93,2.64
94.csv,Bump,12.37,49.95
94.csv,Pothole,51.09,84.74
95.csv,Pothole,30.25,46.82
95.csv,Bump,46.98,51.73
95.csv,Pothole,56.48,93.71
95.csv,Bump,103.21,173.12
95.csv,Pothole,219.58,221.52
95.csv,Bump,228.03,231.99
95.csv,Pothole,241.43,245.48
96.csv,Bump,2.63,17.94
96.csv,Pothole,18.36,53.4
96.csv,Bump,58.65,65.34
97.csv,Bump,10.56,32.28
97.csv,Pothole,32.53,219.43
97.csv,Bump,221.61,337.15
97.csv,Pothole,338.07,342.67
98.csv,Bump,8.33,49.22
98.csv,Pothole,53.77,55.66
98.csv,Bump,56.12,216.51
98.csv,Pothole,218.74,223.96
98.csv,Bump,288.42,296.82
