start,end,duration,peak_accel,before_accel,after_accel,peak_rise,median_accel,accel_std,strong_duration,peak_gyro,median_gyro,before_speed,during_speed,after_speed,speed_change,latitude,longitude
848.8432138671875,852.3432138671875,3.5,34.5233453242889,2.4084916212233165,1.294374584511775,32.11485370306558,3.678198600011754,4.117286597070089,0.048611111111111105,3.653624678332549,0.4502075223350662,3.650000095367432,1.7200000286102295,2.970000028610229,-1.9300000667572026,18.6879029,73.8187173
504.3432138671875,507.3432138671875,3.0,33.844500184799415,1.8658135278322523,1.975000241135156,31.978686656967163,4.176709491611284,3.7194155116605887,0.03896103896103896,2.408079498102497,0.3084877678275668,12.210000038146973,11.710000038146973,12.300000190734863,-0.5,18.680768,73.8306584
807.3432138671875,810.8432138671875,3.5,31.79282423728871,2.7091366769501484,2.668723985308151,29.08368756033856,4.612140258231417,3.9006046363293194,0.08948863636363637,3.3162702114480367,0.46313775237311217,5.510000228881836,4.190000057220459,2.799999952316284,-1.320000171661377,18.6866349,73.8189492
371.8432138671875,375.3432138671875,3.5,31.295911412679462,2.9487681124545544,1.697539076458122,28.347143300224907,5.193713889816968,4.364504045350782,0.1189801699716714,3.7551721483454794,0.4197484781619792,4.75,4.28000020980835,5.019999980926514,-0.4699997901916504,18.6786323,73.8376523
393.3432138671875,395.3432138671875,2.0,28.379878519850667,1.185543042257302,1.367080456875124,27.194335477593366,3.5151934988968305,3.868414505715947,0.038834951456310676,3.068345167926005,0.6284226765501584,2.9100000858306885,2.6700000762939453,2.5,-0.24000000953674316,18.6794999,73.8378104
1158.3432138671874,1170.8432138671874,12.5,25.62903713605397,5.143667986270523,2.8082035977624846,20.48536914978345,2.6584933917721942,2.390895035701553,0.06862745098039216,3.758925738929674,0.4366774731547383,0.7300000190734863,1.9900000095367432,1.7400000095367432,1.2599999904632568,18.693193,73.8199131
785.8432138671875,787.8432138671875,2.0,24.79919063958553,2.3787068759346037,2.1904530008402343,22.420483763650925,3.717913459903089,3.6280187540517757,0.07766990291262135,1.673201154210057,0.45151315499571926,5.989999771118164,5.829999923706055,5.480000019073486,-0.15999984741210938,18.6852726,73.8192598
188.3432138671875,190.8432138671875,2.5,24.16809425719482,0.756853214195191,1.2554180814916691,23.411241042999627,2.8291590034257923,2.827425282767709,0.030120481927710843,3.466745444682904,0.6462556301452621,4.860000133514404,3.9700000286102295,3.9600000381469727,-0.8900001049041748,18.6794181,73.839543
242.3432138671875,247.8432138671875,5.5,21.08476213351671,0.7701492683745272,1.5410871047206895,20.31461286514218,1.9631671441525187,2.1186251762412747,0.02956989247311828,3.766502462228971,0.4358492693257773,6.289999961853027,4.670000076293945,3.2699999809265137,-1.619999885559082,18.6785607,73.8376862
275.8432138671875,281.3432138671875,5.5,20.92871562165781,1.6893533562466456,1.649957140192394,19.239362265411163,2.0908622386889064,1.782867371841671,0.02935943060498221,2.9389281046878093,0.5937298503097856,8.779999732971191,7.900000095367432,6.340000152587891,-0.8799996376037598,18.6777886,73.8391193
