detected_index,ground_truth_index,source_file,detected_label,ground_truth_label,overlap_seconds
0,0,1.csv,Pothole,Pothole,1.5
1,1,10.csv,Pothole,Pothole,0.45999999999999996
2,3,100.csv,Bump,Bump,1.8399999999999999
7,4,101.csv,Bump,Bump,1.5
13,5,101.csv,Pothole,Pothole,3.5
17,6,101.csv,Bump,Bump,4.5
19,7,101.csv,Pothole,Pothole,3.0
31,8,101.csv,Bump,Bump,1.8600000000000136
32,9,101.csv,Pothole,Pothole,2.0
39,11,102.csv,Pothole,Pothole,1.96
40,12,102.csv,Bump,Bump,2.5
41,14,102.csv,Bump,Bump,0.5300000000000011
42,15,102.csv,Pothole,Pothole,6.0
44,16,102.csv,Bump,Bump,1.5
47,17,102.csv,Pothole,Pothole,2.7299999999999898
55,18,102.csv,UNKNOWN,Bump,6.719999999999999
57,19,103.csv,Bump,Bump,7.5
60,20,103.csv,Pothole,Pothole,3.8500000000000085
66,23,13.csv,Bump,Bump,4.33
67,24,14.csv,Pothole,Pothole,0.6600000000000001
68,25,14.csv,Bump,Bump,0.5600000000000005
70,26,14.csv,Pothole,Pothole,0.7399999999999984
76,27,14.csv,Bump,Bump,0.8100000000000023
80,29,14.csv,Bump,Bump,2.0900000000000034
81,30,15.csv,Bump,Bump,3.5
82,31,16.csv,Bump,Bump,4.5
84,32,17.csv,UNKNOWN,Bump,1.4000000000000004
85,34,18.csv,Pothole,Pothole,2.1799999999999997
86,35,19.csv,Bump,Bump,1.38
88,36,2.csv,Bump,Bump,0.7999999999999998
89,37,20.csv,Pothole,Pothole,2.380000000000001
90,38,20.csv,Bump,Bump,3.0
91,39,20.csv,UNKNOWN,Pothole,0.030000000000001137
94,40,20.csv,UNKNOWN,Bump,2.219999999999999
95,41,20.csv,Pothole,Pothole,1.7700000000000102
96,42,20.csv,UNKNOWN,Bump,2.3800000000000097
101,43,21.csv,Bump,Bump,1.81
104,44,22.csv,Bump,Bump,2.9499999999999993
105,46,24.csv,Bump,Bump,1.5
107,48,24.csv,Bump,Bump,5.0
108,49,25.csv,Bump,Bump,1.5
109,50,26.csv,Pothole,Pothole,0.94
113,53,27.csv,Pothole,Pothole,1.5
115,55,28.csv,Pothole,Pothole,2.0
116,57,29.csv,UNKNOWN,Pothole,2.2300000000000004
117,58,30.csv,Pothole,Pothole,3.0
121,59,30.csv,Bump,Bump,1.5
122,60,31.csv,Pothole,Pothole,3.0
126,61,31.csv,Bump,Bump,1.5
127,62,32.csv,Bump,Bump,5.48
129,63,33.csv,Bump,Bump,3.4700000000000006
130,64,34.csv,Pothole,Pothole,1.5
131,65,35.csv,Pothole,Pothole,0.7399999999999998
132,66,36.csv,Pothole,Pothole,1.5
134,67,38.csv,Pothole,Pothole,26.15
136,68,39.csv,Bump,Bump,0.14000000000000057
137,69,4.csv,Bump,Bump,1.54
138,71,4.csv,UNKNOWN,Bump,6.890000000000001
139,73,41.csv,Bump,Bump,1.5
141,74,42.csv,Pothole,Pothole,0.4900000000000002
143,75,43.csv,Bump,Bump,2.6799999999999997
145,76,44.csv,Pothole,Pothole,1.5699999999999998
150,78,46.csv,Bump,Bump,1.0
152,79,47.csv,Bump,Bump,1.0
153,80,48.csv,Bump,Bump,0.6299999999999999
156,81,5.csv,Bump,Bump,0.6300000000000003
157,82,5.csv,Pothole,Pothole,1.6899999999999995
159,83,50.csv,Bump,Bump,18.82
160,84,51.csv,Bump,Bump,1.0099999999999998
161,85,51.csv,Pothole,Pothole,3.2300000000000004
163,86,51.csv,UNKNOWN,Bump,0.6499999999999986
164,87,52.csv,Bump,Bump,9.57
167,88,52.csv,Pothole,Pothole,3.0600000000000023
169,89,52.csv,Bump,Bump,6.5
174,90,53.csv,Bump,Bump,1.04
176,91,54.csv,Bump,Bump,15.57
178,95,57.csv,Pothole,Pothole,1.5999999999999999
180,96,58.csv,Bump,Bump,1.71
186,98,6.csv,Pothole,Pothole,8.38
187,99,6.csv,Bump,Bump,1.0
188,100,6.csv,UNKNOWN,Pothole,5.850000000000001
195,101,60.csv,Pothole,Pothole,3.3
196,102,61.csv,Pothole,Pothole,4.5
197,103,61.csv,Bump,Bump,2.34
199,104,62.csv,Bump,Bump,2.7299999999999995
201,105,62.csv,Pothole,Pothole,4.030000000000001
202,106,63.csv,Pothole,Pothole,2.0
203,107,64.csv,Pothole,Pothole,6.84
204,109,65.csv,UNKNOWN,Bump,3.25
205,110,65.csv,UNKNOWN,Pothole,3.2799999999999994
206,111,65.csv,UNKNOWN,Bump,2.0999999999999943
207,114,65.csv,UNKNOWN,Pothole,0.9400000000000048
209,115,66.csv,Bump,Bump,1.5
211,116,67.csv,Bump,Bump,3.04
213,117,68.csv,Bump,Bump,1.0
214,118,69.csv,Bump,Bump,4.359999999999999
215,119,7.csv,UNKNOWN,Bump,29.980000000000004
216,120,7.csv,UNKNOWN,Pothole,4.5
217,122,7.csv,Pothole,Pothole,5.040000000000006
218,123,70.csv,Bump,Bump,5.5
219,126,70.csv,UNKNOWN,Pothole,7.720000000000006
220,127,70.csv,Bump,Bump,0.6100000000000065
221,128,70.csv,Pothole,Pothole,4.240000000000002
223,129,70.csv,UNKNOWN,Bump,7.150000000000006
224,130,71.csv,Bump,Bump,5.199999999999999
225,132,72.csv,Bump,Bump,1.5
227,133,73.csv,Bump,Bump,15.5
230,134,73.csv,Pothole,Pothole,0.5700000000000003
231,136,74.csv,Bump,Bump,4.949999999999999
235,137,76.csv,Bump,Bump,3.0
237,138,77.csv,Bump,Bump,6.79
242,140,79.csv,Bump,Bump,1.0
243,141,8.csv,Bump,Bump,3.5
254,142,80.csv,UNKNOWN,Bump,2.09
255,144,81.csv,Bump,Bump,13.5
256,145,82.csv,Bump,Bump,1.5
258,146,83.csv,Bump,Bump,4.0
260,147,84.csv,Bump,Bump,12.36
261,148,85.csv,Bump,Bump,0.45999999999999996
263,150,86.csv,Pothole,Pothole,6.0
265,152,88.csv,Bump,Bump,2.0
277,153,89.csv,Pothole,Pothole,1.4299999999999997
278,154,89.csv,UNKNOWN,Bump,111.07000000000001
279,157,89.csv,Pothole,Pothole,3.5
280,158,89.csv,UNKNOWN,Bump,3.9799999999999898
285,159,90.csv,Bump,Bump,0.54
290,161,90.csv,UNKNOWN,Bump,13.700000000000003
291,163,90.csv,Bump,Bump,10.5
293,164,90.csv,Pothole,Pothole,1.0
294,166,90.csv,UNKNOWN,Pothole,9.420000000000016
301,167,90.csv,UNKNOWN,Bump,13.400000000000034
302,168,91.csv,Bump,Bump,3.8899999999999997
312,169,91.csv,Pothole,Pothole,2.5
321,170,92.csv,Bump,Bump,2.4200000000000017
336,171,93.csv,Bump,Bump,1.8699999999999999
352,172,94.csv,Pothole,Pothole,0.7100000000000002
353,173,94.csv,Bump,Bump,6.0
357,174,94.csv,Pothole,Pothole,12.0
363,175,95.csv,Pothole,Pothole,3.0000000000000036
364,176,95.csv,Bump,Bump,2.1399999999999935
365,177,95.csv,Pothole,Pothole,5.0
369,178,95.csv,Bump,Bump,3.0
375,179,95.csv,Pothole,Pothole,0.5099999999999909
376,180,95.csv,Bump,Bump,3.4000000000000057
378,182,96.csv,Bump,Bump,7.46
380,183,96.csv,Pothole,Pothole,3.7300000000000004
383,184,96.csv,Bump,Bump,5.0
390,185,97.csv,Bump,Bump,0.02999999999999936
393,186,97.csv,UNKNOWN,Pothole,3.0600000000000023
411,187,97.csv,Bump,Bump,1.5
421,188,97.csv,UNKNOWN,Pothole,3.019999999999982
423,189,98.csv,Bump,Bump,3.5
424,191,98.csv,UNKNOWN,Bump,3.470000000000006
437,192,98.csv,Pothole,Pothole,2.5
442,193,98.csv,Bump,Bump,5.169999999999959
