cluster_id,event_count,max_impact_score,mean_impact_score,max_peak_accel,mean_peak_accel,strong_events,moderate_events,latitude,longitude,first_event,last_event
3,3,100,88.33333333333333,31.295911412679462,20.28325328440604,3,0,18.678510966666664,73.83767513333333,242.3432138671875,375.3432138671875
6,3,95,65.0,20.92871562165781,12.611229493178604,1,2,18.6777648,73.83924743333333,275.8432138671875,324.3432138671875
4,2,100,77.5,28.379878519850667,17.45999280473731,1,1,18.6794698,73.8378265,225.3432138671875,395.3432138671875
10,2,85,75.0,16.777151920947755,12.832441536924856,1,1,18.68929215,73.81898375,1017.3432138671876,1031.8432138671874
16,2,80,67.5,15.003937851018108,13.110190075799856,1,1,18.6778787,73.8385078,269.8432138671875,334.8432138671875
0,1,100,100.0,34.5233453242889,34.5233453242889,1,0,18.6879029,73.8187173,848.8432138671875,852.3432138671875
1,1,100,100.0,33.844500184799415,33.844500184799415,1,0,18.680768,73.8306584,504.3432138671875,507.3432138671875
2,1,100,100.0,31.79282423728871,31.79282423728871,1,0,18.6866349,73.8189492,807.3432138671875,810.8432138671875
5,1,95,95.0,24.16809425719482,24.16809425719482,1,0,18.6794181,73.839543,188.3432138671875,190.8432138671875
7,1,90,90.0,24.79919063958553,24.79919063958553,1,0,18.6852726,73.8192598,785.8432138671875,787.8432138671875
8,1,85,85.0,25.62903713605397,25.62903713605397,1,0,18.693193,73.8199131,1158.3432138671874,1170.8432138671874
9,1,85,85.0,19.99680867893139,19.99680867893139,1,0,18.6809468,73.8296343,519.3432138671875,521.3432138671875
11,1,85,85.0,15.023137508514251,15.023137508514251,1,0,18.6904532,73.8192647,1068.8432138671874,1070.3432138671874
12,1,80,80.0,18.29126668210971,18.29126668210971,1,0,18.6842134,73.8193443,763.8432138671875,765.3432138671875
13,1,80,80.0,17.90748012861142,17.90748012861142,1,0,18.6816985,73.8261076,569.8432138671875,571.3432138671875
14,1,80,80.0,16.483142203267846,16.483142203267846,1,0,18.6796572,73.8373041,405.8432138671875,407.3432138671875
15,1,80,80.0,15.89605528770336,15.89605528770336,1,0,18.6856523,73.8191685,792.3432138671875,793.8432138671875
17,1,75,75.0,14.997900978390508,14.997900978390508,1,0,18.6791909,73.8467356,93.3432138671875,97.3432138671875
18,1,70,70.0,18.11856107204265,18.11856107204265,1,0,18.6825389,73.8198184,653.8432138671875,655.8432138671875
19,1,70,70.0,14.89221327736668,14.89221327736668,1,0,18.6921166,73.819617,1108.8432138671874,1112.3432138671874
20,1,70,70.0,14.136716674669692,14.136716674669692,1,0,18.6826023,73.8209663,639.3432138671875,640.8432138671875
21,1,70,70.0,8.832004268711124,8.832004268711124,1,0,18.6882003,73.8187249,859.3432138671875,860.8432138671875
22,1,70,70.0,8.385438147591959,8.385438147591959,1,0,18.6792603,73.8493544,20.8432138671875,22.3432138671875
23,1,70,70.0,6.506692863690138,6.506692863690138,1,0,18.6792076,73.8463449,101.8432138671875,103.3432138671875
24,1,65,65.0,18.04635420096144,18.04635420096144,0,1,18.6798911,73.8347501,439.3432138671875,442.3432138671875
25,1,65,65.0,14.657136355855828,14.657136355855828,0,1,18.6797774,73.8360457,425.8432138671875,427.3432138671875
26,1,65,65.0,11.192651728879117,11.192651728879117,0,1,18.6779182,73.8381655,337.3432138671875,338.3432138671875
27,1,65,65.0,8.730595064094965,8.730595064094965,0,1,18.6794541,73.8390888,200.8432138671875,202.3432138671875
28,1,60,60.0,9.764170327594714,9.764170327594714,0,1,18.6792346,73.8457342,106.8432138671875,110.8432138671875
29,1,60,60.0,7.838698475960964,7.838698475960964,0,1,18.6793249,73.8412523,162.3432138671875,168.8432138671875
30,1,55,55.0,13.60614538509276,13.60614538509276,0,1,18.6848972,73.8193369,776.8432138671875,779.3432138671875
31,1,55,55.0,13.129463902722852,13.129463902722852,0,1,18.6860542,73.8190837,798.3432138671875,799.3432138671875
32,1,55,55.0,13.092691312314,13.092691312314,0,1,18.681459,73.8274059,553.8432138671875,555.8432138671875
33,1,55,55.0,6.643179964446303,6.643179964446303,0,1,18.6792323,73.8448913,118.3432138671875,119.3432138671875
34,1,50,50.0,6.053780382355243,6.053780382355243,0,1,18.678948,73.837755,236.8432138671875,238.8432138671875
35,1,50,50.0,4.526298365041696,4.526298365041696,0,1,18.6792331,73.8451891,115.3432138671875,116.3432138671875
36,1,50,50.0,3.668032526984746,3.668032526984746,0,1,18.6792446,73.8442125,120.8432138671875,126.8432138671875
37,1,45,45.0,6.671971037758173,6.671971037758173,0,1,18.6875488,73.818726,834.3432138671875,835.3432138671875
38,1,45,45.0,5.14745045819983,5.14745045819983,0,1,18.6792994,73.842341,154.8432138671875,156.3432138671875
