source_file,window_start,window_end,nearest_event_distance,nearest_event_label,event_start,event_end,distance_bucket
48.csv,14.18,15.18,7.51,Bump,2.96,7.17,5-10 sec
95.csv,158.59,159.59,11.900000000000006,Bump,170.99,173.12,10-20 sec
95.csv,164.09,165.09,6.400000000000006,Bump,170.99,173.12,5-10 sec
22.csv,0.09,1.09,13.55,Bump,14.14,18.23,10-20 sec
95.csv,187.09,188.09,14.469999999999999,Bump,170.99,173.12,10-20 sec
95.csv,4.09,5.09,25.66,Pothole,30.25,45.78,20-30 sec
91.csv,75.09,76.09,9.560000000000002,Bump,85.15,96.18,5-10 sec
102.csv,198.05,199.05,7.469999999999999,Pothole,206.02,207.47,5-10 sec
37 - Normal Road.csv,7.09,8.09,,NO_EVENT_DATA,,,
95.csv,148.59,149.59,3.5,Bump,103.21,145.59,3-5 sec
102.csv,192.55,193.55,9.460000000000008,Pothole,136.86,183.59,5-10 sec
95.csv,154.09,155.09,9.0,Bump,103.21,145.59,5-10 sec
102.csv,131.05,132.05,4.720000000000013,Bump,112.32,126.83,3-5 sec
91.csv,77.09,78.09,7.560000000000002,Bump,85.15,96.18,5-10 sec
91.csv,74.59,75.59,10.060000000000002,Bump,85.15,96.18,10-20 sec
95.csv,155.59,156.59,10.5,Bump,103.21,145.59,10-20 sec
95.csv,0.59,1.59,29.16,Pothole,30.25,45.78,20-30 sec
102.csv,130.55,131.55,4.220000000000013,Bump,112.32,126.83,3-5 sec
102.csv,194.05,195.05,10.960000000000008,Pothole,136.86,183.59,10-20 sec
95.csv,161.09,162.09,9.400000000000006,Bump,170.99,173.12,5-10 sec
57.csv,13.03,14.03,9.01,Pothole,1.49,4.52,5-10 sec
91.csv,73.09,74.09,11.560000000000002,Bump,85.15,96.18,10-20 sec
91.csv,72.59,73.59,12.060000000000002,Bump,85.15,96.18,10-20 sec
95.csv,16.59,17.59,13.16,Pothole,30.25,45.78,10-20 sec
95.csv,7.59,8.59,22.16,Pothole,30.25,45.78,20-30 sec
95.csv,180.09,181.09,7.469999999999999,Bump,170.99,173.12,5-10 sec
102.csv,218.05,219.05,3.6899999999999977,Bump,222.24,238.35,3-5 sec
48.csv,16.18,17.18,9.51,Bump,2.96,7.17,5-10 sec
91.csv,69.09,70.09,10.650000000000006,Bump,42.57,58.94,10-20 sec
95.csv,179.09,180.09,6.469999999999999,Bump,170.99,173.12,5-10 sec
37 - Normal Road.csv,20.59,21.59,,NO_EVENT_DATA,,,
37 - Normal Road.csv,30.59,31.59,,NO_EVENT_DATA,,,
95.csv,149.09,150.09,4.0,Bump,103.21,145.59,3-5 sec
95.csv,186.59,187.59,13.969999999999999,Bump,170.99,173.12,10-20 sec
15.csv,29.09,30.09,6.539999999999999,Bump,6.7,23.05,5-10 sec
15.csv,26.59,27.59,4.039999999999999,Bump,6.7,23.05,3-5 sec
91.csv,71.59,72.59,13.060000000000002,Bump,85.15,96.18,10-20 sec
91.csv,73.59,74.59,11.060000000000002,Bump,85.15,96.18,10-20 sec
95.csv,4.59,5.59,25.16,Pothole,30.25,45.78,20-30 sec
102.csv,131.55,132.55,4.810000000000002,Pothole,136.86,183.59,3-5 sec
57.csv,13.53,14.53,9.51,Pothole,1.49,4.52,5-10 sec
95.csv,178.59,179.59,5.969999999999999,Bump,170.99,173.12,5-10 sec
57.csv,11.53,12.53,7.51,Pothole,1.49,4.52,5-10 sec
95.csv,151.09,152.09,6.0,Bump,103.21,145.59,5-10 sec
102.csv,190.55,191.55,7.460000000000008,Pothole,136.86,183.59,5-10 sec
102.csv,188.55,189.55,5.460000000000008,Pothole,136.86,183.59,5-10 sec
95.csv,14.59,15.59,15.16,Pothole,30.25,45.78,10-20 sec
95.csv,166.59,167.59,3.9000000000000057,Bump,170.99,173.12,3-5 sec
95.csv,162.59,163.59,7.900000000000006,Bump,170.99,173.12,5-10 sec
76.csv,1.09,2.09,7.0,Bump,8.59,10.16,5-10 sec
95.csv,1.09,2.09,28.66,Pothole,30.25,45.78,20-30 sec
102.csv,200.05,201.05,5.469999999999999,Pothole,206.02,207.47,5-10 sec
42.csv,24.09,25.09,3.5100000000000016,Pothole,28.1,34.2,3-5 sec
95.csv,6.09,7.09,23.66,Pothole,30.25,45.78,20-30 sec
15.csv,2.09,3.09,4.11,Bump,6.7,23.05,3-5 sec
95.csv,97.59,98.59,4.38000000000001,Pothole,56.48,93.71,3-5 sec
57.csv,12.53,13.53,8.51,Pothole,1.49,4.52,5-10 sec
95.csv,159.09,160.09,11.400000000000006,Bump,170.99,173.12,10-20 sec
102.csv,187.05,188.05,3.960000000000008,Pothole,136.86,183.59,3-5 sec
102.csv,130.05,131.05,3.720000000000013,Bump,112.32,126.83,3-5 sec
22.csv,2.59,3.59,11.05,Bump,14.14,18.23,10-20 sec
95.csv,208.59,209.59,10.490000000000009,Pothole,219.58,221.52,10-20 sec
95.csv,19.59,20.59,10.16,Pothole,30.25,45.78,10-20 sec
95.csv,166.09,167.09,4.400000000000006,Bump,170.99,173.12,3-5 sec
22.csv,6.09,7.09,7.550000000000001,Bump,14.14,18.23,5-10 sec
102.csv,216.05,217.05,5.689999999999998,Bump,222.24,238.35,5-10 sec
102.csv,201.55,202.55,3.969999999999999,Pothole,206.02,207.47,3-5 sec
22.csv,10.09,11.09,3.5500000000000007,Bump,14.14,18.23,3-5 sec
83.csv,15.1,16.1,4.050000000000001,Bump,3.17,11.55,3-5 sec
15.csv,2.59,3.59,3.6100000000000003,Bump,6.7,23.05,3-5 sec
83.csv,17.1,18.1,6.050000000000001,Bump,3.17,11.55,5-10 sec
95.csv,235.59,236.59,4.099999999999994,Bump,228.03,231.99,3-5 sec
15.csv,26.09,27.09,3.539999999999999,Bump,6.7,23.05,3-5 sec
83.csv,15.6,16.6,4.550000000000001,Bump,3.17,11.55,3-5 sec
102.csv,199.55,200.55,5.969999999999999,Pothole,206.02,207.47,5-10 sec
95.csv,236.09,237.09,4.599999999999994,Bump,228.03,231.99,3-5 sec
102.csv,195.55,196.55,9.969999999999999,Pothole,206.02,207.47,5-10 sec
22.csv,3.59,4.59,10.05,Bump,14.14,18.23,10-20 sec
37 - Normal Road.csv,7.59,8.59,,NO_EVENT_DATA,,,
95.csv,188.09,189.09,15.469999999999999,Bump,170.99,173.12,10-20 sec
102.csv,190.05,191.05,6.960000000000008,Pothole,136.86,183.59,5-10 sec
22.csv,8.09,9.09,5.550000000000001,Bump,14.14,18.23,5-10 sec
95.csv,158.09,159.09,12.400000000000006,Bump,170.99,173.12,10-20 sec
57.csv,12.03,13.03,8.01,Pothole,1.49,4.52,5-10 sec
95.csv,151.59,152.59,6.5,Bump,103.21,145.59,5-10 sec
15.csv,1.09,2.09,5.11,Bump,6.7,23.05,5-10 sec
48.csv,11.18,12.18,4.51,Bump,2.96,7.17,3-5 sec
15.csv,29.59,30.59,7.039999999999999,Bump,6.7,23.05,5-10 sec
57.csv,8.030000000000001,9.03,4.010000000000002,Pothole,1.49,4.52,3-5 sec
95.csv,154.59,155.59,9.5,Bump,103.21,145.59,5-10 sec
95.csv,99.09,100.09,3.6199999999999903,Bump,103.21,145.59,3-5 sec
102.csv,214.05,215.05,4.430000000000007,Bump,207.87,210.12,3-5 sec
95.csv,160.09,161.09,10.400000000000006,Bump,170.99,173.12,10-20 sec
91.csv,70.09,71.09,11.650000000000006,Bump,42.57,58.94,10-20 sec
95.csv,14.09,15.09,15.66,Pothole,30.25,45.78,10-20 sec
95.csv,20.09,21.09,9.66,Pothole,30.25,45.78,5-10 sec
95.csv,188.59,189.59,15.969999999999999,Bump,170.99,173.12,10-20 sec
76.csv,0.59,1.59,7.5,Bump,8.59,10.16,5-10 sec
37 - Normal Road.csv,6.09,7.09,,NO_EVENT_DATA,,,
102.csv,196.05,197.05,9.469999999999999,Pothole,206.02,207.47,5-10 sec
95.csv,176.09,177.09,3.469999999999999,Bump,170.99,173.12,3-5 sec
91.csv,74.09,75.09,10.560000000000002,Bump,85.15,96.18,10-20 sec
95.csv,237.59,238.59,3.3400000000000034,Pothole,241.43,245.48,3-5 sec
95.csv,98.59,99.59,4.11999999999999,Bump,103.21,145.59,3-5 sec
95.csv,200.09,201.09,18.99000000000001,Pothole,219.58,221.52,10-20 sec
48.csv,15.68,16.68,9.01,Bump,2.96,7.17,5-10 sec
22.csv,7.59,8.59,6.050000000000001,Bump,14.14,18.23,5-10 sec
102.csv,133.05,134.05,3.3100000000000023,Pothole,136.86,183.59,3-5 sec
95.csv,153.59,154.59,8.5,Bump,103.21,145.59,5-10 sec
95.csv,155.09,156.09,10.0,Bump,103.21,145.59,5-10 sec
102.csv,201.05,202.05,4.469999999999999,Pothole,206.02,207.47,3-5 sec
95.csv,177.59,178.59,4.969999999999999,Bump,170.99,173.12,3-5 sec
95.csv,13.59,14.59,16.16,Pothole,30.25,45.78,10-20 sec
15.csv,28.09,29.09,5.539999999999999,Bump,6.7,23.05,5-10 sec
102.csv,198.55,199.55,6.969999999999999,Pothole,206.02,207.47,5-10 sec
37 - Normal Road.csv,31.09,32.09,,NO_EVENT_DATA,,,
22.csv,4.09,5.09,9.55,Bump,14.14,18.23,5-10 sec
91.csv,69.59,70.59,11.150000000000006,Bump,42.57,58.94,10-20 sec
95.csv,237.09,238.09,3.8400000000000034,Pothole,241.43,245.48,3-5 sec
48.csv,13.18,14.18,6.51,Bump,2.96,7.17,5-10 sec
91.csv,77.59,78.59,7.060000000000002,Bump,85.15,96.18,5-10 sec
95.csv,163.59,164.59,6.900000000000006,Bump,170.99,173.12,5-10 sec
91.csv,62.09,63.09,3.6500000000000057,Bump,42.57,58.94,3-5 sec
95.csv,195.59,196.59,22.97,Bump,170.99,173.12,20-30 sec
95.csv,235.09,236.09,3.5999999999999943,Bump,228.03,231.99,3-5 sec
83.csv,17.6,18.6,6.550000000000001,Bump,3.17,11.55,5-10 sec
102.csv,186.55,187.55,3.460000000000008,Pothole,136.86,183.59,3-5 sec
102.csv,196.55,197.55,8.969999999999999,Pothole,206.02,207.47,5-10 sec
95.csv,26.09,27.09,3.66,Pothole,30.25,45.78,3-5 sec
15.csv,27.59,28.59,5.039999999999999,Bump,6.7,23.05,5-10 sec
37 - Normal Road.csv,16.09,17.09,,NO_EVENT_DATA,,,
102.csv,197.05,198.05,8.469999999999999,Pothole,206.02,207.47,5-10 sec
57.csv,10.53,11.53,6.51,Pothole,1.49,4.52,5-10 sec
91.csv,68.59,69.59,10.150000000000006,Bump,42.57,58.94,10-20 sec
22.csv,3.09,4.09,10.55,Bump,14.14,18.23,10-20 sec
95.csv,5.59,6.59,24.16,Pothole,30.25,45.78,20-30 sec
77.csv,0.59,1.59,3.71,Bump,4.8,9.62,3-5 sec
95.csv,199.59,200.59,19.49000000000001,Pothole,219.58,221.52,10-20 sec
48.csv,10.18,11.18,3.51,Bump,2.96,7.17,3-5 sec
95.csv,150.09,151.09,5.0,Bump,103.21,145.59,3-5 sec
37 - Normal Road.csv,3.09,4.09,,NO_EVENT_DATA,,,
95.csv,178.09,179.09,5.469999999999999,Bump,170.99,173.12,5-10 sec
102.csv,216.55,217.55,5.189999999999998,Bump,222.24,238.35,5-10 sec
102.csv,197.55,198.55,7.969999999999999,Pothole,206.02,207.47,5-10 sec
83.csv,18.1,19.1,7.050000000000001,Bump,3.17,11.55,5-10 sec
95.csv,156.59,157.59,11.5,Bump,103.21,145.59,10-20 sec
37 - Normal Road.csv,3.59,4.59,,NO_EVENT_DATA,,,
95.csv,96.59,97.59,3.3800000000000097,Pothole,56.48,93.71,3-5 sec
91.csv,70.59,71.59,12.150000000000006,Bump,42.57,58.94,10-20 sec
95.csv,0.09,1.09,29.66,Pothole,30.25,45.78,20-30 sec
95.csv,97.09,98.09,3.8800000000000097,Pothole,56.48,93.71,3-5 sec
95.csv,209.09,210.09,9.990000000000009,Pothole,219.58,221.52,5-10 sec
95.csv,203.59,204.59,15.490000000000009,Pothole,219.58,221.52,10-20 sec
57.csv,7.53,8.530000000000001,3.5100000000000016,Pothole,1.49,4.52,3-5 sec
22.csv,1.09,2.09,12.55,Bump,14.14,18.23,10-20 sec
95.csv,162.09,163.09,8.400000000000006,Bump,170.99,173.12,5-10 sec
102.csv,132.55,133.55,3.8100000000000023,Pothole,136.86,183.59,3-5 sec
37 - Normal Road.csv,8.09,9.09,,NO_EVENT_DATA,,,
95.csv,187.59,188.59,14.969999999999999,Bump,170.99,173.12,10-20 sec
95.csv,157.09,158.09,12.0,Bump,103.21,145.59,10-20 sec
95.csv,236.59,237.59,4.340000000000003,Pothole,241.43,245.48,3-5 sec
57.csv,11.03,12.03,7.01,Pothole,1.49,4.52,5-10 sec
102.csv,193.05,194.05,9.960000000000008,Pothole,136.86,183.59,5-10 sec
15.csv,0.59,1.59,5.61,Bump,6.7,23.05,5-10 sec
83.csv,14.6,15.6,3.549999999999999,Bump,3.17,11.55,3-5 sec
95.csv,159.59,160.59,10.900000000000006,Bump,170.99,173.12,10-20 sec
95.csv,160.59,161.59,9.900000000000006,Bump,170.99,173.12,5-10 sec
22.csv,8.59,9.59,5.050000000000001,Bump,14.14,18.23,5-10 sec
95.csv,157.59,158.59,12.5,Bump,103.21,145.59,10-20 sec
95.csv,161.59,162.59,8.900000000000006,Bump,170.99,173.12,5-10 sec
102.csv,189.05,190.05,5.960000000000008,Pothole,136.86,183.59,5-10 sec
102.csv,194.55,195.55,10.969999999999999,Pothole,206.02,207.47,10-20 sec
15.csv,28.59,29.59,6.039999999999999,Bump,6.7,23.05,5-10 sec
37 - Normal Road.csv,5.59,6.59,,NO_EVENT_DATA,,,
95.csv,152.59,153.59,7.5,Bump,103.21,145.59,5-10 sec
95.csv,163.09,164.09,7.400000000000006,Bump,170.99,173.12,5-10 sec
15.csv,27.09,28.09,4.539999999999999,Bump,6.7,23.05,3-5 sec
95.csv,211.59,212.59,7.490000000000009,Pothole,219.58,221.52,5-10 sec
95.csv,152.09,153.09,7.0,Bump,103.21,145.59,5-10 sec
95.csv,7.09,8.09,22.66,Pothole,30.25,45.78,20-30 sec
37 - Normal Road.csv,6.59,7.59,,NO_EVENT_DATA,,,
102.csv,215.05,216.05,5.430000000000007,Bump,207.87,210.12,5-10 sec
102.csv,215.55,216.55,5.930000000000007,Bump,207.87,210.12,5-10 sec
102.csv,213.55,214.55,3.930000000000007,Bump,207.87,210.12,3-5 sec
22.csv,6.59,7.59,7.050000000000001,Bump,14.14,18.23,5-10 sec
102.csv,189.55,190.55,6.460000000000008,Pothole,136.86,183.59,5-10 sec
102.csv,193.55,194.55,10.460000000000008,Pothole,136.86,183.59,10-20 sec
15.csv,1.59,2.59,4.61,Bump,6.7,23.05,3-5 sec
76.csv,1.59,2.59,6.5,Bump,8.59,10.16,5-10 sec
102.csv,200.55,201.55,4.969999999999999,Pothole,206.02,207.47,3-5 sec
95.csv,25.59,26.59,4.16,Pothole,30.25,45.78,3-5 sec
102.csv,214.55,215.55,4.930000000000007,Bump,207.87,210.12,3-5 sec
57.csv,9.03,10.03,5.01,Pothole,1.49,4.52,5-10 sec
95.csv,185.59,186.59,12.969999999999999,Bump,170.99,173.12,10-20 sec
37 - Normal Road.csv,5.09,6.09,,NO_EVENT_DATA,,,
57.csv,8.530000000000001,9.53,4.510000000000002,Pothole,1.49,4.52,3-5 sec
76.csv,0.09,1.09,8.0,Bump,8.59,10.16,5-10 sec
37 - Normal Road.csv,30.09,31.09,,NO_EVENT_DATA,,,
95.csv,186.09,187.09,13.469999999999999,Bump,170.99,173.12,10-20 sec
95.csv,10.59,11.59,19.16,Pothole,30.25,45.78,10-20 sec
22.csv,9.59,10.59,4.050000000000001,Bump,14.14,18.23,3-5 sec
76.csv,2.59,3.59,5.5,Bump,8.59,10.16,5-10 sec
102.csv,213.05,214.05,3.430000000000007,Bump,207.87,210.12,3-5 sec
95.csv,13.09,14.09,16.66,Pothole,30.25,45.78,10-20 sec
95.csv,156.09,157.09,11.0,Bump,103.21,145.59,10-20 sec
95.csv,177.09,178.09,4.469999999999999,Bump,170.99,173.12,3-5 sec
91.csv,72.09,73.09,12.560000000000002,Bump,85.15,96.18,10-20 sec
95.csv,194.59,195.59,21.97,Bump,170.99,173.12,20-30 sec
95.csv,16.09,17.09,13.66,Pothole,30.25,45.78,10-20 sec
22.csv,9.09,10.09,4.550000000000001,Bump,14.14,18.23,3-5 sec
95.csv,19.09,20.09,10.66,Pothole,30.25,45.78,10-20 sec
91.csv,76.59,77.59,8.060000000000002,Bump,85.15,96.18,5-10 sec
102.csv,132.05,133.05,4.310000000000002,Pothole,136.86,183.59,3-5 sec
91.csv,71.09,72.09,12.650000000000006,Bump,42.57,58.94,10-20 sec
95.csv,98.09,99.09,4.61999999999999,Bump,103.21,145.59,3-5 sec
95.csv,150.59,151.59,5.5,Bump,103.21,145.59,5-10 sec
22.csv,2.09,3.09,11.55,Bump,14.14,18.23,10-20 sec
22.csv,7.09,8.09,6.550000000000001,Bump,14.14,18.23,5-10 sec
102.csv,188.05,189.05,4.960000000000008,Pothole,136.86,183.59,3-5 sec
57.csv,9.53,10.53,5.51,Pothole,1.49,4.52,5-10 sec
22.csv,1.59,2.59,12.05,Bump,14.14,18.23,10-20 sec
102.csv,191.55,192.55,8.460000000000008,Pothole,136.86,183.59,5-10 sec
102.csv,195.05,196.05,10.469999999999999,Pothole,206.02,207.47,10-20 sec
95.csv,180.59,181.59,7.969999999999999,Bump,170.99,173.12,5-10 sec
102.csv,202.05,203.05,3.469999999999999,Pothole,206.02,207.47,3-5 sec
95.csv,176.59,177.59,3.969999999999999,Bump,170.99,173.12,3-5 sec
95.csv,164.59,165.59,5.900000000000006,Bump,170.99,173.12,5-10 sec
102.csv,191.05,192.05,7.960000000000008,Pothole,136.86,183.59,5-10 sec
